entry,translation,predicted_cluster
"
    cok eski zamanlarda yasamis olan uluslarin inandiklari tanrilarin,kahramanlarin,perilerin,surreel canlilarin hayat ve maceralarindan bahseden  hikayelerdir.
  ","The gods that nations lived in ancient times are the stories that talk about the life and adventures of heroes, the fairies, the surreel creatures.",0
"
    men in trip
  ",Men in Trip,1
"
    almancada with demek
  ",It means with in Germany,1
"
`clique`'in buyuk harfli elemani..&#13;
  ",`Clique` s large letter element .. &#13;,2
"
    birzamanlarin technique bbs sysop'u, gif ve jpeg'e file_id.diz eklemeyi akil eden.. yazdigi utiller dunya uzerinde yaygin sekilde kullanilan programci... biraz kil.. hehe.. uyuz hatta.. sevgiler.
  ","Technique BBS Sysop of Birzamanlar, gif and Jpeg to add file_id.diz to add.",1
"
    catal karam cingenem, doum günda$ım.. hayattaki tek dostum.
  ","Catal Karam Cingenem, I am the only friend in life.",1
"
    seveni cok olan, bir o kadar da sindirilemeyen adam... tossuran boga...
  ","The man who has a lot of love, as well as the man who cannot be digested ... Tossuran Boga ...",1
"
    sinir sahibi insan......dikkat ısırır.....
  ",Nerve owner Human ...... Attention bites .....,1
"
`karton insanlari`ndan sekürüm canim, cok guzel insan, cok zeki insan, cok sevdigim insan, her seyi bilen adam, `destek`, son zamanlarda tanidigima en cok mutlu oldugum insan, iyi ki var&#13;
  ","`` Cardboard People 's sekürüm dear, very beautiful people, very smart people, people I love, the man who knows everything, `support`, I have recently known to the person I have been most happy with, good that there is &#13;",1
"
`massachusetts institute of technology` nin kisaltmasi, yarmis bi universite..&#13;
  ","`Massachusetts Institute of Technology` s abbreviation, a half university .. &#13;",1
"
    beyzbol veya boks eldiveni olmasına tek t kalmısh eldiven (bkz: `mitt`)&#13;
  ",The only tmısh glove (see `mitt`) &#13;,2
"
    bi anda kaybolan adam
  ",The man who lost suddenly,1
"
    sinirliyse yanina yaklasmamaniz gereken, cok cok kirici olabilen -siniri gectiginde bunu telafi etmeyen-, bu durumdayken hayati kendisine ve etrafindakilere cekilmez hale sokan adam
  ","If you are angry, you shouldn't get close to him, he can be very too too much -he does not compensate for this when he passes -the man who makes him and the people around him and the people around him.",1
"
    gerçek dost. her zaman güvenilesi insan.
  ",true friend.Always trust human.,1
"
    (bkz: `myth`)&#13;
  ",(see: `Myth`) &#13;,2
"
    askerlikten fena halde yirtmis adam
  ",The man who was badly tear away from military service,1
"
    masaçusets teknoloji enstitüsü
  ",MAZAÇUSETS TECHNOLOGY INSTITUTE,1
"
    yorucu adam , mantarla arasi hic iyi degildir. bir zamanin `quake` `antinkuntin` `com` da beraberce rail caktigimiz muhterem kisi. unix bocegi, router didikleyen adam, modem katili, cift celeron cpu usenmeden hazirlayan programci.&#13;
  ","The tiring man is not good with the mushrooms.`quake`` `Antinkundin`` com` com` together with the rail caktigğim the person.Unix Bocegi, Router Man, Modem Killer, Cift Celeron CPU.",1
"
    ya$ami aciklamaya yonelik tanrisal anlati.
  ",or the divine narrative for explaining.,0
"
    eski caglara ait bilimum mevzularin halk agzinda dolasarak, zamanla bir inanis halini alan masal ya da hikayeler.<br/><br/>mitler tanrilarin mense ve tarihini anlatanlar, ahlak anlayisi ile ilgili olanlar ve yaradilisi izah edenler olmak uzere farkliliklar gostere bilirler. uzerinde en cok durulanlar yaratilisi izah edenlerdir&#13;
  ","The tale or stories of the former cags wandering in the public mouth, which has become a belief in time.The most rinsed on them are those who explain the creature &#13;",0
"
`most selective` 'in `most selective`' i.<br/><br/>(bkz: `mardin institute of technology`)&#13;
  ",`Most Selective` s` Most Selective` i. <br/> <br/>,1
"
    yunancada söz anlamına gelen `mythos`tan kelimesinden gelri&#13;
  ","Greek from the word `mythos, which means word in Greek, &#13;",0
"
    (bkz: `antinkuntin`)&#13;
  ",(see: `antinkunin`) &#13;,2
"
`mimari ifade teknikleri` isimli dersin kodlamalarda ve konusmalardaki kısaltılmıs adı&#13;
  ",The shortened name in the coding and speeches of the `architectural expression techniques';,1
"
    (bkz: `mitoloji`)<br/>(bkz: `yunan mitolojisi`)<br/>(bkz: `sumer mitolojisi`)&#13;
  ",(see `mythology`) <br/> (see` Greek mythology `) <br/> (see` Sumerian mythology`) &#13;,0
"
    bir soylem turudur der kisaca `roland barthes`.  kurgulanmistir hersey aslinda ama normalize eder bu soylem turu yapayligini, kurgulanmisligini her kulturel isaretin. dogal gorunmeye baslar bize icinde yasadigimiz dunya. o yuzden durup bakmak gerekir soyle bir, uzun uzuuun..&#13;
  ","It is a tour that says `Roland Barthes`.Everything is in fact, but it normalizes this socializing tour artificiality, fictionalism of each cultural sign.He starts to look natural in the world we live in.So you have to stop and look at it, one, long long .. &#13;",0
"
    (bkz: `milli istihbarat teşkilatı`)&#13;
  ",(see: `National Intelligence Organization) &#13;,2
"
    netron institute of technology icin (bkz: `netron`)&#13;
  ",For Netron Institute of Technology (see `Netron`) &#13;,2
"
    (bkz: `muallimlerarası istihbarat teşkilatı`)&#13;
  ",(see: `` Inter -interrelational intelligence organization ') &#13;,2
"
    biricik enistem , onun baldizi olmaktan gurur duyarım , tum it sorunlarini danisabilecegim yegane insan , evet sinirlendiginde oralarda olmamak gerek ama sanırım bu yinede ona duyulacak sempatiyi eksiltmez...karagun dostu , guvenilir insan... bize gore karşının cocugu...
  ","The only Enistem, I am proud to be his sister -in -law, I can consult all the problems of all the problems, yes when you get angry, but I guess this does not decrease the sympathy to him ... Karagun friend, trustworthy person ... According to us ...",1
"
    kredi karti slipleri ile unlu insan...
  ",Baked people with credit card slips ...,1
"
    ... alinti:<br/><br/>""yaratiklar icinde en cok aci ceken yaratik insan, cunku olumun bilincine varmis tek yaratiktir. bir karanliktan gelmis, bir karanliga gidiyor. o iki karanlik arasinda, hayatinin anlamsizlastigi anlarda mitler yaratiyor. `mit` olmasa geberip gider, intihar eder. kendine bir dunya yaratiyor, oraya siginiyor. kendi yarattigi dunya kurtariyor insani.""<br/><br/>(bkz: `homeros`)&#13;
  ","... Alint: <br/> <br/> ""The most painful creator in the creatures is the only creature that has reached the consciousness of death. It comes from a darkness, it goes to a darkness.If not MIT, he would go and go. He would commit a world to himself, he creates a world. He saves his own world.",0
"
    gunumuzde uydurulmus masallar olarak bilinen, cagdas bilimle aciklanamadigi icin yalanlanan kavramlardir. bir yandan bazi psikolog ve antropologlar mitolojinin insanin psikolojik ve tinsel gelismelerinin temelinde yatan bazi sembolik degerlerden olustugunu dusunuyorlar. (bkz: `jung`)<br/><br/>mitler evrensel gecerlilige sahip ruyalardir. tipki bir insanin gordugu ruya onun bilincalti ile ilgili cok onemli ipucular iceriyor ise, mitler de oyledir. psikolojik acidan icsel bir yolculuk gibidir. (bkz: `kutsal kap`)&#13;
  ","The concepts that are known as fairy tales that have been fabricated in our day are the concepts that are denied because Cagdas cannot be explained by science.On the one hand, some psychologists and anthropologists think that mythology consists of some symbolic values that lie under the basis of human psychological and spiritual development.(see `jung`) <br/> <br/> Myths are the dreams with universal validity.If a dream of a person sees a very important clues about his consciousness, the myths are also.It is like a travel of psychological pain.(see: `Holy Cap`) &#13;",0
"
    (bkz: `ibrahim gümüş`)&#13;
  ",(see: `` `` `` `` ``) &#13;,2
"
    (bkz: `nihat berker`)&#13;
  ",(see: `Nihat Berker`) &#13;,2
"
    evreni açıklama ihtiyacına dayanan geleneksel bir öyküdür.
  ",It is a traditional story based on the need for explaining the universe.,0
"
    mitolojinin kısaltması
  ",abbreviation of mythology,0
"
    music interface technologies. amerikan orjinli hi-end kablo ureticisi.
[http://www.mitcables.com/ http://www.mitcables.com/]
","Music interface technologies.American Origin Hi-End cable producer.
[http://www.mitcables.com/ http://www.mitcables.com/]",1
"
    tarih öncesine dayanan `efsane`
",`legend` dating back to date,0
"
    (bkz: `ümit/#9825045`)&#13;
  ",(see: `hope/#9825045`) &#13;,2
"
    ""a myth is a religion in which no one any longer believes.""<br/>`james feibleman`
","""",1
"
    aynı zamanda bir zemin sınıflandırma sistemi.
  ",also a floor classification system.,1
"
    (bkz: [http://www.memurlar.net/haber/63920/ http://www.memurlar.net/haber/63920/])
  ",(see [http://www.memurlar.net/haber/63920/ http://www.memurlar.net/haber/63920/]),1
"
    ks. mansur ipek ticaret
  ",KS.Mansur İpek Ticaret,1
"
    massachusetts ınstitute of technology.<br/>`abd`' nin `massachusetts` eyaletindeki `boston` sehri yakininda olan, ozellikle de bilim ve muhendislik  alanindaki carpici basarilariyla taninan bir universite.  hatta oyle ki; `nobel odulu` ' nu alanların sayisi 61' e ulasmıstır. gayet unlu mezunları mevcuttur. misal;<br/><br/>. `kofi annan`<br/>. `buzz aldrin`
",Massachusetts Institute of Technology.Even that;The number of fields `Nobel Award` reached 61.very bakery graduates are available.For example; <br/> <br/>.`Kofi Annan` <br/>.`Buzz Aldrin`,1
"
    bir topluma ya da kültüre ait olağanüstü ve doğaüstü bir niteliğe sahip olan bir olayın soyut ve sembolik hikayesi.<br/>efsane de denilen mitler kuşaktan kuşağa çoğunlukla sözlü olarak iletilen dinsel ya da doğaüstü öykülerdir.&#13;
  ",The abstract and symbolic story of an event that has an extraordinary and supernatural quality of a society or culture.,0
"
    heredot'a göre tarihi değeri olmayan güvenilmez söylenti ; platon'a göre, gerçeklerle ilişkisiz, uydurma ve boş masal...bana göre de inanç sorununa bağlı olarak, özellikle de çok ve boş tanrılı dönemleri işleyen,hayal gücü bakımından zengin, yalanı dolanı karın ağrısına sebep olabilecek kadar pembe dizi tadı  veren vak'alar silsilesi...
  ","According to Heredot, it was unreliable rumor without historical value;According to Plato, unrelated to the facts, fabricated and empty fairy tale ... In my opinion, depending on the problem of faith, especially the very and empty god periods, rich in imagination, licking lies to the pink series that can cause abdominal painalar sequence ...",0
"
`ernst cassirer` mitleri ortadan kaldırmaya felsefenin gücünün yetmeyeceğini çünkü mitlerin yıkılabilir şeyler olmadığını üstelik bu mitlerin inkar da edilemeyeceğini söyler. kısaca mitlerin dünyası, akıl ilkelerinin geçerli olmadığı bir dünyadır. <br/>`ursula k. le guin` de böyle düşünür. ""bilimkurguda mit ve arketip"" adlı yazısında `jung`'u esas alarak sembolün indirgenemez olduğunu, bilinç ile bilinçdışının telafi edici, karşılıklı olarak yaratıcı bir ilişki de bulunduğunu belirttikten sonra bir yerde söyle der:<br/><br/>"" mit, insanın vücut/ ruhun, dünyayı algılama, anlama ve ilişki kurma yolarından birinin ifadesidir. bilim gibi mit de, insanın temel idrak tarzının bir ürünüdür. mitin yerini soyut ya da nicel bilişin alabileceğini iddia etmek, insanın potansiyel ya da ideal olarak saf bir akıl yaratığı, vücutsuz zihin olduğunu söylemektir. zamanın akışı içinde yüzen küçük saf akıl kabarcıkları olsak bu hoş bir şey olabilirdi, ama durum öyle değil. biz rasyonel varlıklarız, ama aynı zamanda duıyuları ve iştahları olan, duygusal, etik varlıklarız; gereksinimler bizi harekete geçiriyor ve aklın tek başına sağlayamayacağı tatminler peşinde koşuyoruz. bu diğer varlık tarzları işe yaramadığı zaman, akıl geçerlidir. akıl işe yaramadığı zaman ise diğer tarzlardan biri işi devralır; eğer vücutsuz kabarcıklar değilsek, aklın geçerli olmadığı durumlar mutlaka olacaktır. mit, mitolojik içgörü, bu tarzlardan biridir. kendi işlev alanında o kadar etkilidir ki, yerine bir şey koymaya gerek yoktur. yalnız çağdaş bilimciliğin şizoid kabalığı mitin yerine bir şey konulması gerektiğini iddia eder, bu iddiayı söndürmek ise pek kolaydır. örneğin, güneş'in doğası ve davranışına dair bilimsel anlayışımız, apollo'nun ilginç cinsel yaşamını ya da müzik ve kutsal uyum tanrısı olarak rolünü, bırakalım geçersizleştirmeyi, açıklayabilir mi? <br/>hayır, bilimin bunlarla hiç bir ilgisi yoktur; seksle müzikle, uyumla ya da kutsallıkla hiç bir ilgisi yoktur bilimin; zaten bilim olarak da böyle bir iddası yoktur- iddiada bulunan bilimciliktir. <br/>apollo güneş değildir, hiç bir zaman da olmadı. aslında güneş, apollo'nun adlarından 'yalnızca' biridir.""&#13;
  ","He says that the power of philosophy cannot be enough to eliminate the myths `ernst cassirer, because the myths are not destructive things and that these myths cannot be denied.In short, the world of myths is a world where the principles of reason are not valid.<br/> `ursula k.He thinks like that in Le Guin.In his article titled ""MIT and Archetype in Sci -fi"", he says that the symbol is irreversible, consciousness and consciousness and a compensationful, mutual creative relationship, and then say it in a place: <br/> <br/> MIT, MIT,It is the expression of one of the people of human body/ soul, perceiving, understanding and relationships. Like science, MIT is a product of the basic way of understanding of man. To claim that abstract or quantitative cognition can be replaced by a potential or ideal pure creature of human beings,It is to say that there is a mind without body. If we were the small pure mind bubbles floating in the flow of time, it could have been a nice thing, but the situation is not so. We are rational assets, but the moon",0
"
    iki uc saniye bakildiktan sonra cozulen bir tshirt yazisi.<br/><br/>e/c^2.......root(-1).......pv/nr&#13;
  ",A tshirt lettering after two three seconds. <br/> <br/> e/c^2 ....... root (-1) .......,1
"
`muttalip institute of technology`

(bkz: `iki eylül kampüsü`)<sup class=""ab""><a title=""(bkz: anadolu üniversitesi iki eylül kampüsü)"" href=""/?q=anadolu+%c3%bcniversitesi+iki+eyl%c3%bcl+kamp%c3%bcs%c3%bc"" data-query=""anadolu üniversitesi iki eylül kampüsü"">*</a></sup>

(bkz: `züğürt tesellisi`)
  ","`Muttalip Institute of Technology

(see `` Eylül Campus') <SUP Class = ""Ab""> <a Title = ""(see Anadolu University Two September Campus)"" HREF = ""/? Q = Anatolia+%C3%BCN University%BCL+camping%C3%BCS%C3%BC ""Data-Query ="" Anadolu University Two September Campus "">*</a> </a> </a>

(see: `züğürt consolation`)",1
"
    toplum içerisinde bilinmeyen zamanlarda doğan ve tarihi akışı içinde genişleyerek yayılan; dünyanın yaratılışı, insanların ve diğer canlıların varoluşları hakkında toplumun ortak inancını ve düşüncesini ortaya koyan anlatılardır.
  ",It is born in unknown times in the society and expanded by expanding its historical flow;The creation of the world is the narratives that reveal the common belief and thought of society about the existence of people and other living things.,0
"
    yarı doğru bir kurgu ya da gerçek, özellikle bir fikrin parçası.
  ","A semi -correct fiction or truth, especially part of an idea.",0
"
    kaynağı bilinmeyen, belli bir öykü formatında, mantıksız ve çoğu yaratılma, var olma ve kader (geçmiş veya gelecek) üzerine olan tüm anlatılara ve yazıya geçirilmiş olan metin türleridir. efsane ile mit arasında hemen hemen hiçbir belirgin ayrım bulunamaz.<br/><br/>dünya üzerinde bilinen mitlerin içeriğini ve işlevlerini açıklamaya, sınıflandırmaya çalışan dört ayrı görüş/ekol bulunuyor:<br/><br/>işlevsel ekol: mitlerin toplumu açıklamaya çalıştığını savunur. mitler, toplumu ve onun meydana gelmesini sağlayan doğa ve doğa güçlerini insanın açıklamaya ihtiyacından ortaya çıkmıştır.<br/><br/>psikolojik ekol: freud (her zamanki gibi) mitlerin bilinçaltının ürünleri olduğunu söyler. tıpkı rüyalar gibi mitler de bastırılmış isteklerin, gizli ihtirasların yüzeye yansıyan görüntüleridir. jung ise mitleri `kolektif bilinç` teorisi ile açıklar. jung'a göre dünya üzerinde yaşayan herkes bilinçaltında aynı tip sembolleri taşır. pek çok toplulukta görülen birbirine benzer ritüellerin, hikayelerin, korku ve/veya beklentilerin kaynağında bu semboller yer alır. mitlerin kaynağı da bu sembollerdir. levi-strauss ise mitlerin insan beyninin yapılarını gösterdiğini savunur. insanın düşünce sisteminin, zihinle kavranabilen tüm yaratılarının temel aynasıdır mitler.<br/><br/>dinsel ekol: mitleri metafizik bir yaklaşımla ele alır. bu ekol mitlerin insanın inanma ihtiyacı/dürtüsünden çıktığını savunur. mitler aracılığı ile din evrenselleşir. mitlerin dili mistik ve şifreli olduğundan çok az sayıda insan bu mitlerdeki gerçeği bilebilir/anlayabilir.<br/><br/>sembolik ekol: her bir mitin diğerinden farklı bir sembol ve form olduğunu söyler. daha doğru bir kavrayışa ulaşmak için bütün mitleri tek tek ele alıp, her birini diğerinden ayrı incelemeye tabi tutmayı savunur. bu ekolün görüşlerinden bir tanesi de mitleri aktaran kişilerin kendi hayat görüşünün ve bilgisinin aktardığı miti sınırlandırabileceğidir. yani bu kişilerin miti orjinal haliyle, eksiksiz ve tüm bilgileriyle aktardığından hiçbir zaman emin olunamaz.&#13;
  ","In a certain story format that is unknown, unreasonable and most of them are the types of texts and most of the texts on all narratives and fate (past or future).There are almost any significant distinction between the legend and the MIT.He argues that he is trying to explain.Myths have emerged from the need to explain the society and the forces of nature and nature that enables its formation.Just like dreams, myths are the images of repressed demands and hidden ambitions on the surface.Jung explains myths with the theory of `collective consciousness'.According to Jung, everyone living in the world carries the same type of symbols subconsciously.Similar rituals seen in many communities, story",0
"
    kendisine evrensel hakikat, yarılmamışlık, bütünlük gibi fantaziler atfederek kendi muhtevasını tanımlayıp, sınır çizer. mit, eklem yerinden çıkan söylemi yamalar, üstünü örter. yoksulluğun üstünü kapatmaya yarayan yamalardan. sınıfsız, imtiyazsız bir kitleyi kaynaştırır. yeni bir nesnellik, hegemonya oluşturmak gibi mukaddes bir vazifeyi ifa eder. mit, gerçekliğin tahrif edilmiş temsilidir, fakat bu tahrifat insan türünün varoluşu (anlam-eylem) için yeni bir ufuk tesis etmesinden ötürü kurucudur.
  ","He defines his own content and draws a boundary by attributing fantasies such as universal truth, unfamiliarity and integrity.The MIT covers the discourse from the joint, the patch, covering it.from the patches to cover poverty.It fuses a classless, privileged audience.A new objectivity performs a sacred duty, such as creating hegemony.MIT is a falsified representation of reality, but this distortion is the founding of the establishment of a new horizon for the existence of human species (meaning-educational).",0
"
    (bkz: `milli itfaiye teşkilatı`)&#13;
  ",(see: `National Fire Brigade Organization) &#13;,2
"
    mitler, hayal güçü onları canlı tutsun diye vardır. `albert camus`
",Myths have imagination to keep them alive.`Albert Camus`,0
"
    ks. `melbourne institute of technology`<br/>ks. `machakos institute of technology`<br/>ks. `madras institute of technology`<br/>ks. `maebashi institute of technology`<br/>ks. `maharaja institute of technology`<br/>ks. `maharashtra institute of technology`<br/>ks. `manipal institute of technology`<br/>ks. `manukau institute of technology`<br/>ks. `mapúa institute of technology`<br/>ks. `marathwada institute of technology`<br/>ks. `royal melbourne institute of technology`<br/>ks. `milwaukee institute of technology`<br/>ks. `muroran institute of technology`<br/>ks. `musashi institute of technology`<br/><br/>""bizde niye `malatya institute of technology` yok diyor.""&#13;
  ","KS.`Melbourne institute of technology` <br/> ks.`Machakos Institute of Technology` <br/> ks.`Madras Institute of Technology` <br/> ks.`Maebashi Institute of Technology` <br/> ks.`Maharaja institute of technology` <br/> ks.`Maharashtra institute of technology` <br/> ks.`Manipal institute of technology` <br/> ks.`Manukau institute of technology` <br/> ks.`mapúa institute of technology` <br/> ks.`marathwada institute of technology` <br/> ks.`Royal melbourne institute of technology` <br/> ks.`Milwaukee institute of technology` <br/> ks.`MURORAN INSTITUTE OF TECHNOLOGY` <br/> ks.`Musashi Institute of Technology` <br/> <br/>"" Why do we say `` Malatya institute of technology. ""&#13;",1
"
    (bkz: `türkiye mossad'ı`)&#13;
  ",(see: `Türkiye mossad) &#13;,2
"
    aslinda massachusetts'in cambridge sehrindedir. boston'da degil.
  ","In fact, Massachusetts is in Cambridge.Not in Boston.",1
"
    m.i.t. şeklinde ingilizce okunduğunda sesdeş olarak ''am i tea ?'' ''ben çay mıyım?'' olarak algılanabilen harfler birlikteliği.
  ",myth.When read in English as a sesteş '' am i only? '' '' '' '' '' '' '' '' '' '' '' '' '' '' '' '' '' '' '' '' '' '' '' '' '' '' '' '' '' '' '' '' '' '' '' '' '' '' '' '' '' '' '' '' '' '' '' '.,0
"
    ""kimlik bunalımı yaşayan çayların gittiği okul"" denirdi.
  ","""The school where the teas that experienced identity crisis go"" was called.",1
"
    dünyanın en ünlü teknik üiversitesi
  ",The most famous technical university in the world,1
"
    internet sitesinin artık almanca, arapça, fransızca, rusça sürümü var.
  ","The website now has German, Arabic, French, Russian version.",1
"
    halkın sesine kulak veren tek devlet kurumu. hatta fazla dinleyip sizi merak edebilir, kapınıza bile gelebilirler. tabi ki sadece sizin için.
  ","The only state institution that listened to the voice of the people.They may even listen to you and wonder, they can even come to your door.Of course only for you.",1
"
    (bkz: `meraklı insanlar teşkilatı`)&#13;
  ",(see: `` Curious People's Organization ') &#13;,2
"
[http://ocw.mit.edu/ ocw mit] adresinden bir cok dersin videosunu izleyebileceginiz bilim yuvasi.
  ",[http://ocw.mit.edu/ ocw mit] you can watch the video of a lot of course.,1
"
    bazen bir nick de olabilmektedir..
  ",Sometimes it can be a nick.,1
"
    (bkz: `levent mit`)&#13;
  ",(see: `levent mit`) &#13;,2
"
    mircea eliade'e göre mitlerin amacı ilahi gücü elde etmektir. her yaradılış dünyanın ilk yaradılışını temsil eder. temelini dünyanın merkezinde bulur.
  ","According to Mircea Eliade, the purpose of myths is to obtain divine power.Each creation represents the first creation of the world.finds its foundation in the center of the world.",0
"
    ambargo yüzünden iran'la gizli gizli yapılan altın ticaretinde ne konumda olduğunu merak ettiğim istihbarat teşkilatı... malum başbakanımıza göre cia ve mossad'ın fink attığı bu konuda bizim güzide teşkilatımız ne yapıyordu çok merak ediyorum...
  ","Intelligence organization, which I wonder what it is in the gold trade of the golden trade with Iran because of the embargo ... According to the Prime Minister, Cia and Mossad fink threw this issue on this issue.",1
"
    bu sıralar yapacağı tüm operasyonlardan neredeyse tüm dünyanın anında haberi olan kurum.<br/>(bkz: `milli information table`)&#13;
  ",The institution that is instantly aware of all the operations of all the operations it will do at this time. <br/>,1
"
[http://t24.com.tr/haber/8-ay-onceki-mit-raporu-bakanlarin-zarrabla-iliskisi-ortaya-cikarsa/247680 http://t24.com.tr/…a-iliskisi-ortaya-cikarsa/247680]

devletin çıkarlarını değil, artık ak partinin çıkarlarını kollayan kurum olmuş. resmi rapor yolluyorlar başbakana, ilişkiler ortaya çıkarsa parti zor durumda kalır. vay anam vay, neler dönmüş ya.
  ","[http://t24.com.tr/haber/8-ay-onceki-mit-raporu-bakans-cikarsa/247680]

Not the interests of the state, but now the AK Party's interests have been the institution.They send an official report to the Prime Minister, if relations arise, the party will be in a difficult situation.wow, wow, what's going on.",1
"
    1 hafta icerisinde silah dolu bir tir ve iki otobus yakalatmis kurumdur. kendilerini tebrik ediyorum. <br/><br/>allahtan istihbarat.&#13;
  ","In 1 week, a weapon is full of weapons and it is the institution that has caught two buses.I congratulate them.<br/> <br/> Allahtan intelligence. &#13;",1
"
    insani yardımdan sorumlu devlet kurumu.
  ",State Authority Responsible for Humanitarian Aid.,1
"
    mit ne halt ettiğini anlamadığım kurum.<br/><br/>1-diyarbakır'da sırtında bomba yüklü olarak emniyete girmeye çalışırken yakalanan pkk'lının mit elemanı çıkması. <br/><br/>2-istanbul'da belediye otobüsüne molotofkokteyli atıp yakalanan kck üyesinin mit elemanı çıkması. molotoflama eylemlerinden birinde serap eser isimli genç bir kız hayatını kaybetmişti. <br/><br/>3-van'da pkk kırsalı için eleman toplayıp dağa gönderen ve 20 kişinin örgüte katılmasını sağlayan kck'lının mit elemanı çıkması. <br/><br/>4-istanbul'da emniyet amiri semih balaban'ın şehit düştüğü devrimci karargâh operasyonunda ölü ele geçirilen orhan yılmazkaya'nın kandil'e geçişini sağlayan kişinin mit'le bağlantısı. <br/><br/>5-mersin'de onlarca eylemin tertipleyicisi olan ve pek çok terör eylemine karışan kck sorumlusunun mit elemanı çıkması. <br/><br/>6-mit'in öcalan-kandil arası haber (talimat) taşıması sonrasında yapılan eylemlerde şehit olan onlarca asker ve polisimiz... <br/><br/>bu istikrarlı tablo, normal bir istihbarat ve sızma faaliyetini değil mit'teki bazı unsurların terör örgütünü bizzat yönettiğini veya kck/pkk'nın mit'i yönettiğini gösteriyordu.soruşturulan konu oslo görüşmeleri değildi anladınız mı?ve mit yönetimi tüm bu olaylarda devreye girip ""bizim elemanımız"" diyerek serbest bırakılmaları için girişimde bulunuyordu. istihbarat kılıfına gizlenmiş vahim suç tablosu soruşturulmayacaksa, hiçbir cinayeti soruşturmanıza gerek yoktur. hukuku askıya alarak oğlunu savcılığa ifade vermeye bile göndermeyen bir başbakanın olduğu bu ülkede, hiçbir kamu görevlisinin serap eser'in ailesine gidip ""kızınızı devlet görevlisi yaktı ama görev icabıydı"" deme lüksü yoktur. zira saha ajanı, haber almak için örgüte sızsa da hiçbir şekilde ülkesi ve milleti aleyhine suç işleyemezdi. ve bugün kck bölgedeki tüm il ve ilçelere silahlı yerleşimini tamamlamış, milislerini hazırlamış durumda. bunların hesabının mutlaka sorulacağı konusunda kuşkum yoktur.<br/><br/>en azından kck/pkk bölgede tek taraflı statü ilanı yapıp türkiye'yi oldubittiyle karşı karşıya bıraktıktan sonra.<br/><br/>-----alıntıdır-----&#13;
  ","MIT I do not understand what the institution.<br/> <br/> 2-MOLOTOFKOKTEYLİ KCK member who was caught in the municipal bus in Istanbul.A young girl named Serap Eser died in one of the Molotovlama actions.<br/> <br/> 3-VAN'da PKK rural staff to collect and send to the mountain and 20 people to participate in the organization of the KCK'li MIT element.<br/> <br/> 4-Istanbul Police Chief Semih Balaban was killed in the revolutionary headquarters operation of the dead seized Orhan Yılmazkaya'nın Kandil's connection with the MIT.<br/> <br/> 5- MIT element of KCK responsible for many terrorist acts of the actors of dozens of actions in Mersin.<br/> <br/> 6- Dozens of soldiers and police martyrs who were martyred in the actions carried out after the mortar of Öcalan-Kandil news (Instruction) ... <br/> <br/> This stable picture, normal B",1
"
    (bkz: `milli istihbarat taşımacılığı`)&#13;
  ",(see: `National Intelligence Transportation`) &#13;,2
"
    (bkz: `#39807334`)&#13;
  ",(see: `#39807334`) &#13;,2
"
    teröre silah ve finansman sağladığı açık olan teşkilat. biliniyor ve hiçbir şey yapamıyoruz. ulan biz milli irade değil miyiz amk? elimizden bir bok gelmiyor. istemiyorum kardeşim benim ülkemin komşu ülkeye silah vermesini ve bunu el kaide'ye vermesini.
  ",The organization that provides weapons and financing to terrorism.It is known and we can't do anything.Are we not national will?We don't shit.I don't want my brother to give my country a gun to the neighboring country and give it to Al Qaeda.,1
"
    inanin ogrenmek icin soruyorum, bir cok yerde gordum hakan fidan israillileri cildirtti yok mit mosadi bitirdi yaziliyor ondan soruyorum. tam olarak neler oldu da ben kacirdim. arap bahari oldu turk firmalari is kaybettigi gibi bolgede temasi da kalmadi, teror tekrar tirmandi son senelerde (baris sureci demeyin bana ayrica tartisalim) komsu ulkelerle sorunumuz olmayan yok zaten. bunlar tabi ki mitin sucu degil ama basari olarak bana bir sey soyleyin. madem bu yukarda saydiklarim dis mihraklarin isi bu sirada mit neler yapti. dis ulkelerde karisiklik cikartip turkiye´ye fayda mi sagladilar. bombalama olaylarini haber alip engellediler mi ? cok samimi soyluyorum kahve agziyla konusmadan biri bana aciklasin ne yapti bu adamlar.<br/><br/>simdi aranizdan cikip bunlar gizli isler sen nerden bilecen diyen olursa, ben de sen nerden biliyon diye sorarim. madem gizli diyorsun ben de diyorum ki mit rezil oldu itibari kalmadi, kaynak istersen de gizli isler bunlar diyecegim.&#13;
  ","Believe me to learn, I see in many places Hakan Fidan Israelis Cilirdti does not do not myth mosadi finished.exactly what happened and I missed it.The Arab Bahari was the Turkish companies, as well as lost their contacts in the region, Teror was again climbing again in recent years (do not call me at peace process) we have no problem with the neighboring countries.These are of course not the crime of myth, but as a success, tell me something.If this is the work of the outbreaks that I mentioned above, what has done the myth during this time.They have benefited to Turkey in external countries.Did they inform and block the bombing events?I say very sincerely to the coffee mouth without talking to me what you have made these guys.If you say secretly, I say that the myth was disgraced, and if you want to source, I will say that these are hidden works. &#13;",1
"
    -insanları anlamak mümkün değil. mit yurt dışında operasyon yapmıyor; ""mit çok pasif, ulusal güvenlik dediğin, hareket odaklı olur, operasyon yapar"" diyorlar. operasyon yapınca, ""mit terör örgütleriyle beraber, alengirli işlerin peşinde"" diyorlar.
  ","-It is not possible to understand people.MIT does not perform operations abroad;""Myth is very passive, national security, you call, movement -oriented, makes operations,"" they say.""MIT with terrorist organizations, together with the pursuit of Alengirli,"" they say.",1
"
    en güzel molotof'u biz atarız demiş adamlar. 

""2011 yılının mart ayında hakkında dava açılan sanık a.s, terör örgütü üyesi olmakla suçlandı ve 2009 ile 2010 yılında terör örgütü tarafından düzenlenen eylemlere katılmak ve molotofkokteyli atmak suçlarından istanbul 10. ağır ceza mahkemesi’nde yargılanmaya başladı. 

tutuklu sanık duruşmada çarpıcı bir bilgi verdi. terör eylemlerine devlet için katıldığını söyleyen sanık a.s, “2008 yılından bu yana mit’e ve emniyete çalışıyorum” dedi. bunun üzerine mahkeme duruşmayı bitirdi. ""

[http://www.radikal.com.tr/turkiye/molotof_atan_mitci_cikti-1172738 http://www.radikal.com.tr/…atan_mitci_cikti-1172738]

bu ortaya çıkan. peki ortaya çıkmayan kaç tane? serap eser'in içinde bulunduğu otobüse molotof atılması olayında da mit'in adı geçmedi mi? gezi de gözümüze soka soka yapmadılar mı bu işi mit ve emniyet? bu ülke vatandaşını emniyet ve mit'den kim koruyacak peki?
  ","The most beautiful Molotof'u said we'll throw it.

""The defendant A.S, who was filed against him in March 2011, was accused of being a member of a terrorist organization and began to be tried at the Istanbul 10th High Criminal Court for participating in the actions organized by the terrorist organization in 2009 and in 2010 and throwing Molotofkokteyli.

The detained defendant gave a striking information at the hearing.The defendant said that he participated in terrorist acts for the state, ""I have been working for MIT and safety since 2008,"" he said.Then the court finished the hearing.""

]

This is the resulting.So how many do not appear?Serap Eser's bus in the bus in the event of molotov throwing the name of the MIT was not mentioned?Didn't they do this job in our eyes and safety?Who will protect the citizen of this country from the Police and MIT?",1
"
    (bkz: `mit'çileri yere yatırdılar`) diye mazlum rolü yapan adam tarafından aşağıdaki şekilde üyeleri savunulabilecek kurum.<br/><br/>(bkz: `benim mit üyelerime molotofçu dediler`)&#13;
  ",(see: `` MIT'Çiler put on the ground `he can be defended by the man who made the role of the oppressed. <br/> <br/>,1
"
    a.s. isimli personeli mit personeli koruma kanunu kapsamında olmadığından tutuklanması gerekiyormuş ancak burası bir hukuk devleti olmadığına göre fazla bir beklenti içerisinde olmamak gereklidir diye düşünüyorum.
  ","a.s.I think it is necessary not to be arrested because it was not within the scope of the MIT Personnel Protection Law, but it is not necessary not to have much expectation since it is not a state of law.",1
"
    buranın çalışanının düdüğü sadece polise öter.<br/><br/>trafik çevirmelerinde falan göstermeseler o kimliğin nokta kadar bir avantajını göremiyorlar.<br/><br/>ha iki tane saha çalışanı var. onları saymıyorum. onlar yaşıyor.&#13;
  ",The employee of this place only to the police.I don't count them.They live. &#13;,1
"
    (bkz: `#41495357`)&#13;
  ",(see: `#41495357`) &#13;,2
"
    eleman arıyor haberini duyduktan sonra cv me eski splinter cell ci, kantır pusucusu, fahrenheit dedektifi falan yazdım yolladım inşalla kabul edilirim.
  ","After hearing the news he is looking for the employee cv me former Splinter Cell Ci, Kadr ambush, Fahrenheit detective or something I wrote I sent insan.",1
"
    temiz, nezih ve güvenilir bir aile ortamında çalışmak isteyen `kaptan pilot`ların `cv`'lerini göndermeleri gereken kurum[http://www.sondakika-haber.net/mit-elektronik-haberlesmeyi-siki-takip-icin-ucak-aliyor .] 

adres:
pk 95 ulus-ankara

veya

[http://www.mit.gov.tr/iksayfasi/basvuru.html http://www.mit.gov.tr/iksayfasi/basvuru.html]
","Clean, decent and reliable family environment who want to work in the `captain pilots` `cv`` `cv` 'to send the institution [http://www.sondakika-Haber.net/mit-elektronik-haberlesmeli-siki-tip-icin-taking .]

address:
PK 95 Ulus-Ankara

or 

[http://www.mit.gov.tr/iksayfasi/basvuru.html http://www.mit.gov.tr/iksayfasi/basvuru.html]",1
"
[http://www.mit.gov.tr/cocuksayfasi/gencler/maratonbasliyor.html http://www.mit.gov.tr/…gencler/maratonbasliyor.html]
",[http://www.mit.gov.tr/cocuksayfasi/gencler/maratonbasiyor.html http://www.mit.gov.tr/…gencler/maratonbasiyor.html],1
"
`arkaik` toplumlardaki biçimiyle:<br/>1.doğaüstü varlıkların eylemleridir. <br/>2.gerçek ve kutsaldır.<br/>3.yaratılışla ilgilidir. <br/>4.miti bilen, bitkilerin ve hayvanların kökenini bilir; onları istediği gibi yönlendirip kullanır. <br/>5 kanıtını oluşturduğu `ritüel`in gerçekleştirilmesiyle şaşmaz bilgi(`arketip`)yi yeniden yaşar.&#13;
  ",In the form of `archaic` in societies: <br/> 1. The actions of supernatural beings.<br/> 2. It is real and sacred.<br/> 4. Knows the origin of plants and animals;He directs and uses them as he wishes.<br/> 5 with the realization of `ritual` `` `` `` `` `` `` `` `` `` `` `` `` `` `` ``,0
"
    eliade'ye göre mit kutsal bir tarihi anlatır. mit başlangıçlari hikayelestiren zamanda yer almış olayla ilgilidir. yaratılışın izahıdır. gerçek hikayedir. masaldan farklıdır.
  ","According to Eliade, MIT tells a sacred history.MIT is about the event that took place at the beginning of the story.is the explanation of creation.It is the real story.It is different from the fairy tale.",0
"
    yabancı devletlerin ülkedeki önemli kişileri yıllarca dinlediğini yine onların açıkladığını sadece izlemekle yetinen kurum. hadi dinlemeleri engelleyemiyorsun bari sen ortaya çıkar da bizde bir milli istihbarat teşkilatımız var diyelim. ancak kendi ülkesinde malzeme taşırken bile yakalanan bir örgütten daha ne bekleyebiliriz ki? konsolosluk çalışanları ve son duyduğumuz süleyman şah türbesi olaylarıyla beceriksizliğin, dünya aleme rezil rüsva olması milli utancımızdır. ancak kendi halkımızı 5 israilli ajanı öldürüp (bkz: `netanyahu'yu çılgına çeviren türk ajan`) şeklinde kandırmamıza kimse engel olamıyor.&#13;
  ","The institution that is contented with watching that foreign states are listening to important people in the country for years.Come on, you can't stop listening, at least you come out and we have a national intelligence organization.But what more can we expect from an organization caught even when carrying materials in its own country?It is our national shame that the incompetence of the Consulate employees and the last events of the Süleyman Shah Tomb, which we heard, is the infamous rüsva to the world.However, no one can prevent us from killing our own people in the form of 5 Israeli agents (see: `Netanyahu's crazy Turkish Agent).",1
"
    milletce ufak eksiklikleri buyutmeyi, basarilari ufak gormeyi, ya da tam tersini yapmayi birakamadik. 

kosova'li 8 yasindaki bir cocugun suriye'den -isid'ci babasi kacirmis- isid'in elinden kurtarilmis.

[http://www.bbc.com/news/world-europe-29641802 http://www.bbc.com/news/world-europe-29641802]

daha once 4 fransiz gazetecinin kurtarilmasi yine isid'in elinden, olayinda da onemli bir rol oynamislardi kendileri.
  ","We could not leave the minor deficiencies by the nation, to see the successful success, or to do the opposite.

A 8 -year -old child from Kosovo was rescued from Syria - his father's father's escort - from the hands of Isid.

[http://www.bbc.com/news/world-europe-29641802 http://www.bbc.com/news/world-europe-29641802]

Previously, the rescue of 4 French journalists had also played an important role in the hands of Isid.",1
"
    (bkz: `7 şubat 2015 sisi ses kaydı/@men kucik chomichmen`)&#13;
  ","(see: `` February 7, 2015 fog sound recording/@men kucik chomichmen`) &#13;",2
"
    (bkz: `sea sentry`)<br/>(bkz: `sea sentry ii`)&#13;
  ",(see: `Sea Sentry`) <br/> (see` Sea Sentry ii `),2
"
    (bkz: `yunan tanrıları/@mimiko`)&#13;
  ",(see: `Greek gods/@mimiko`) &#13;,2
"
    kulaga cok ""sey"" gelen bi kelime
  ","a word that comes to the ear very ""thing""",1
"
    milli istihbarat teşkilatı/
  ",National Intelligence Agency/,1
"
    çaresiz kaldığım notsuz sınav öncesi gecelerinde imdadıma yetişen, opencourseware uygulamasıyla tanımaya çalıştığım bilim yuvası. bilgiyi paylaşmaktan çekinen bazı akademisyenlerden duyduğum gibi notlarının çalınması, kopyalanması korkusu taşımayan bilim kaynağı. <br/>diğer akademisyenlerin notlarını kullanacağını düşünerek paylaşmamak nedir anlayabilmiş değilim henüz. bilgiyi paylaşmanın hangi tarafı kötü olabilir acaba. ya da eğitim seviyesinde bir yükselişe sebep olmanın. <br/>hayır hepsini geçtim aldığım ve sorumlu olduğum dersin kaynağına ulaşmakta bile zorlanıyorum. en azından bizimle rahat paylaşsanız. <br/>her neyse. bu konuda mit gayet başarılı ve tarafımca tavsiye edilir.&#13;
  ","The scientific slot that I tried to get to know with the OpenCoursseware application that grows up to my rescue on the nights before I was desperate.As I have heard from some academics who are afraid to share information, the source of science that does not fear the stolen and copying of his grades.<br/> I have not yet understood what other academics will use their notes.I wonder which side of sharing information can be bad.Or to cause an upward rise at the level of education.<br/> No, I passed all of them and I have difficulty in reaching the source of the lesson I bought and responsible.At least if you share with us comfortably.<br/> Anyway.MIT is very successful and recommended by me. &#13;",1
"
    (bkz: `milletlerarası illegal taşımacılık`)&#13;
  ",(see: `International Illegal Transportation`) &#13;,2
"
    can dostumuz, çok sevdiğimiz ışid'ciğimize silahçık [http://www.birgun.net/haber-detay/biz-soylemiyoruz-onlar-soyluyor-gonderilen-silahlar-isid-e-gidiyor-82124.html taşıyan] teşkilatçığımız.
  ","Our friend, our friend, our beloved ISIS guncik [http://www.birgun.net/haber-detay/biz-soylemiyoriyor-onlar-soyluor-gonderilen-Slaahlar-I-e-gidiyor-82124.html carrying our organization.",1
"
    avlusunda hala dizi dizi tırların olduğu ... inteligınt aycıns.
  ",There are still trucks in the courtyard ... Inteligınt Aycins.,1
"
    meteoroloji işletme müdürlüğü gibi bir kurum olmalı. ne işe yaradığını bir türlü çözemedim.
  ",Meteorology should be an institution such as Operation Operations.I couldn't figure out what it works.,1
"
    ağır başarısız bir kurum/örgüt. adıyaman polisinin “terör nitelikli kayıp şahıs” diye kaydettiği, kayıp kişiyi bulamayan, tespit edemeyen, izleyemeyen (kasıt yoksa) zafiyet içindeki kuruluş.
  ","A heavily unsuccessful institution/organization.Adıyaman police said that the “terrorist lost person” he recorded, who cannot find, identify, watch the missing person.",1
"
    (bkz: `yapmıştır.`)&#13;
  ",(see: ``) &#13;,2
"
    arapça bilen ve çalışmak isteyenlerin bir cv göndermesinde yarar olacağı kurum.<br/>arapça bilenler `halk ekmek` gibi şuan, havada kapılıyor.&#13;
  ",The institution that will be beneficial in reference to a CV. <br/> Arabic.,1
"
    (bkz: `6 eylül 2015 yüksekova terör saldırısı`) gibi bir saldırıdan haberi olmayan teşikat.<br/><br/>ha ama gezi parkında camel marka sigara içenleri sorsak tak tak isim isim sayarlar.<br/><br/>terör örgütüyle masaya oturması yetmezmiş gibi sözkonusu ortamda metropollerin bombalarla doldurulduğuna dair bilgilerinin olduğunu beyan etmişler.<br/><br/>kıldan ince köprülerde raksediyoruz millet olarak. rabbim bu topraklar üzerinde masum kalabilmiş herkesin yar ve yardımcısı olsun. çok kötü zamanlar geliyor.&#13;
  ","(see: `6 September 2015 Yüksekova Terror Attack` that is not aware of an attack.As if it was not enough to sit at the table with the terrorist organization, they declared that the metropolises were filled with bombs in the question. <br/> <br/> As a nation on thin bridges.May my Lord be the help and assistant of everyone who has been innocent on these lands.very bad times are coming. &#13;",1
"
    devletin mit'inin başının `twitter` hesabı olmaz mı? verin mit twitter hesabını bi trole; beynimin yıkanmasını, sulanmasını, rızamın en becerikli eller tarafından imal edilmesini istiyorum. amin.<br/><br/>""bir `mit` yaşamıyorsa ve gelişmiyorsa ölmüş demektir."" `carl gustav jung` - `erinnerungen traume gedanken`<br/><br/>ideolojik `yurtseverlik` tekelinde olduğu gibi, `hikaye` (`mit`) ve `kişilik` `tekel`i yoktur. sana yapılanı sen yaparsın, senin yaptığın sana yapılır. bu tekelsizlik aynı zamanda kişilik ağırlığından `kurtarıcı`dır. `an`'ı ve `yara`yı nasıl taşıdığın yani sıranı nasıl savdığın `ayırt edici özellik` olur.<br/><br/>(bkz: `mitik`)<br/>(bkz: `teşkilat-ı mahsusa`)<br/>(bkz: `jefatura`)<br/>(bkz: `gizli servis/@ibisile`)<br/>(bkz: `uludere/@ibisile`)<br/>(bkz: `rıfat mataracı`), `mah`<br/>(bkz: `çelik çomak/@ibisile`)<br/>(bkz: `şafak/@ibisile`), `aydınlıkçılar`
","Wouldn't the head of the state's MIT?Give MIT Twitter account bi trrole;I want my brain to be washed, irrigation, and produced by the most resourceful hands.amen.`Carl Gustav Jung` -` erinnerungen trape gedanken` <br/> <br/> As in the monopoly of patriotism, `Story` (` MIT`) and `Personality is not monopoly.You do what you do to you, what you do is done to you.This monopoly is also `savior` from the weight of personality.`` an` and how you carry `wound` `nasıl how you defend the` distinctive feature. <br/> <br/>`) <br/> (see` Jefatura`) <br/> (see hidden service/@ibisile`) <br/>Rıfat Mataracı`), `Mah` <br/> (see` steel Çomak/@ibisile`) <br/> (see: `` ``@ibisile`)",1
"
    (bkz: `#53704419`)&#13;
  ",(see: `#53704419`) &#13;,2
"
    bu teşkilatın normal bir vatandaştan ne farkı olduğunu sorgulamamız lazım. 2014 yılı rakamlarına göre 8 bin çalışanı olan bu teşkilat nasıl olur da ülkede olan bitenden bu kadar bihaber olur anlamak çok zor. bombalar patlıyor, insanlar ölüyor ancak devletin istihbarat ve güvenlik zaafiyeti sorgulanmıyor bir türlü.
  ","We need to question the difference from a normal citizen of this organization.According to the figures of 2014, this organization, which has 8 thousand employees, is very difficult to understand how it would be so unaware of what happened in the country.The bombs explode, people are dying, but the state's intelligence and security weakness is not questioned.",1
"
    milli istirahat teşkilatı
  ",National Intelligence Agency,1
"
    en eski, başlangıç zamanlarındaki olayları anlatan kutsal öykülere `mit` denir. insanlar cevap bulamadıkları sorulara diğer insanların zavallı çaresizliğini kullanarak ortaya yaratılışla ilgili öyküler koyarlar. mit, yaşadığı toplumda sürekli olarak başvurulacak olan, yaşanılan bir gerçektir. soyut bir kuram ve imgeler göstergesi değil, ilkel bir dinin ve pratik bilginin gerçek anlamda düzenlenmesidir.<br/><br/>""bir adam kendisine içgüdülerine aykırı bir olgu teklif edildiğinde onu dikkatlice gözden geçirir ve karşı konulması güç kanıtlar olmadığı sürece ona inanmayı reddeder. diğer yandan içgüdülerine uygun bir gerekçe sunan bir şey teklif edilirse, en ufak bir kanıt olmaksızın onu kabul edecektir. mitlerin kaynağı bu şekilde izah edilebilir.""<br/><br/>(bkz: `bertrand russell`)&#13;
  ","The sacred stories that describe the events in the oldest, starting times are called `MIT '.People put stories about creation using the poor desperation of other people on the questions they cannot find.MIT is a fact that will be used in the society in which he lives.It is not an indicator of abstract theory and images, but a real regulation of a primitive religion and practical knowledge. <br/> <br/>On the other hand, if something that offers a reasoning reason for his instincts is offered, he will accept it without the slightest evidence. The source of myths can be explained in this way.",0
"
    kıs. `milli istirahat teşklilatı`.&#13;
  ",winter.`National Intelligence Organization.,1
"
    acilen özelleştirilmelidir.
  ",It should be privatized urgently.,1
"
    (bkz: `milli ihanet teşkilatı`)&#13;
  ",(see: `National Betting Organization) &#13;,2
"
    çekirdek çitleyip ülke dedikodularını konuşuyorlar herhalde elin amerikasından adam istihbarat alıp vatandaşlarını uyarıyor bizimkilerde aralarında altın günü yapıp kısır yiyorlar.
  ","The core fence and talking about the country's rumors, I guess they take intelligence from the American America and warn their citizens.",1
"
    tanrı indra hakkında upanişad'larda muhteşem bir hikaye vardır. hikaye, dev bir canavarın dünyadaki tüm sulara el koyduğu bir zamanda geçer. büyük bir kuraklık baş göstermiştir ve dünya çok kötü bir durumdadır. indra'nın bir kutu dolusu yıldırımı olduğunu ve tek yapması gerekenin canavarı yok etmek için üzerine bir yıldırım göndermek olduğunu fark etmesi zaman alır. bunu yaptığı zaman sular akar ve dünya tazelenir. indra ""ne kadar harikayım” der.<br/>""ne kadar harikayım” diye düşünerek indra dünyanın merkezindeki dağ olan kozmik dağın tepesine çıkar ve kendisi kadar değerli bir saray yapmaya karar verir. tanrıların baş marangozu bunun üzerinde çalışmaya başlar ve kısa süre içinde oldukça iyi durumda bir sarayı olur. ama indra saraya bakmaya her geldiğinde sarayın ne kadar muhteşem ve ne kadar heybetli olması gerektiği konusunda daha büyük fikirleri olur. sonunda marangoz ""tanrım, ikimiz de ölümsüzüz ve onun arzularının sınırı yok. sonsuza kadar burada kalacağım” der. yaratıcı tanrı olan brahma'ya gitmeye ve şikayette bulunmaya karar verir.<br/>brahma tanrısal enerji ve tanrısal erdemin simgesi olan nilüfer çiçeğinin üzerinde oturmaktadır. nilüfer, uyuyan tanrı olan ve rüyasında evreni gören vişnu'nun göbeğinden çıkar. marangoz evrenin büyük nilüfer gölünün kenarına gelir ve hikayesini brahma'ya anlatır. brahma ""sen evine git. ben bu meseleyi halledeceğim” der. brahma nilüferinden iner ve uyuyan vişnu'ya seslenmek üzere diz çöker. vişnu bir hareket yapar ve şöyle bir şey söyler: ""dinle, çabuk, bir şeyler olacak.' <br/>ertesi sabah inşa edilmekte olan sarayın kapısında, etrafındaki pek çok çocuğun hayranlıkla güzelliğine baktığı hoş bir mavi-siyah çocuk belirir. yeni sarayın kapısındaki kapıcı koşarak indra'ya gider ve indra ""çocuğu içeri alın” der. çocuğu içeri <br/>alırlar ve tahtında oturan kral tanrı indra ""genç adam, hoş geldin. seni benim sarayıma getiren nedir?” der. ufukta görülen yıldırıma benzeyen bir sesi olan çocuk şöyle der: ""sizden önceki hiçbir indra'nın yapmadığı kadar büyük bir saray yaptıcıyormuşsunuz. ' <br/>benden önceki indra'lar mı? sen neden söz ediyorsun, genç adam?” der indra.<br/>çocuk devam eder: ""sizden önceki indra'lar. hepsinin gelip gittiklerini gördüm. bir düşünün, vişnu kozmik okyanusun içinde uyuyor ve evren nilüferi onun göbeğinden yetişiyor. nilüferin üstünde yaratıcı brahma oturuyor. brahma gözlerini açıyor ve bir ındra tarafından yönetilen bir dünya var oluyor. bir brahma'nın ömrü 432 bin yıldır. o öldüğü zaman nilüfer yok olur ve başka bir nilüfer ve başka bir brahma yetişir. bir de her birinin içinde bir nilüfer ve nilüferin üzerinde gözlerini açıp kapayan bir brahma olan sonsuz uzayın içindeki galaksilerin ötesindeki galaksileri düşünün. indra'lar mı? maiyetinizde dünyadaki okyanuslardaki su damlalarını ya da kumsallardaki kum tanelerini saymaya gönüllü olabilecek bilge kişiler olabilir ama bırakın ındra'ları kimse bu kadar brahmin'i sayamaz.”<br/>çocuk konuşurken yerden bir karınca ordusu geçer. onları gören çocuk güler. indra'nın tüyleri diken diken olur çocuğa ""neden gülüyorsun?” diye sorar.<br/>çocuk cevap verir: ""eğer incinmeye razı değilseniz sormayın. <br/>indra ""rica ediyorum. öğret” der. (bu arada bu doğuya özgü güzel bir düşüncedir: sizden istenene kadar öğretmiyorsunuz. misyonunuzu insanların gırtlağına dayamıyorsunuz.)<br/>böylece çocuk, karıncaları işaret eder ve şöyle der: ""önceki indra'ların 92hepsi. ömürleri boyunca en aşağı durumlardan en yüce aydınlanmaya doğru yükselirler. sonra bir canavara bir yıldırım gönderir ve 'ne harikayım' diye düşünürler. sonra gene aşağı düşerler. ""<br/>çocuk konuşurken, muz kabuğundan güneş şemsiyesiyle tuhaf bir yogi saraya girer. üzerindeki tek bir peştamal haricinde çıplaktır ve göğsünde ortasındaki kılların yarısı dökülmüş olan kıldan bir yuvarlak vardır.<br/>çocuk onu selamlar ve cam da indra'nın sormak üzerc olduğunu sorar. ""yaşlı adam, adın nedir? nereden geliyorsun? ailen nerede? evin nerede? göğsündeki bu garip kıl topluluğunun anlamı nedir?”<br/>yaşlı adam cevap verir: ""benim adım kıllı. evim yok. hayat bunun için çok kısa. yalnızca bu güneş şemsiyem var. ailem yok. yalnızca vişnu'nun ayaklarının dibinde meditasyon yaparım ve zamanın nasıl geçici olduğunu, sonsuzluğu düşünürüm. her bir indra öldüğünde bir dünya yok olur —böyle şeyler işte bu kadar gelip geçicidir. her bir indra öldüğünde göğsümdeki bu yuvarlaktan bir kıl düşer, kılların yarısı gitti. yakında hepsi yok olacak. hayat kısa. neden bir ev yapayım ki?' <br/>sonra ikisi de kaybolur. çocuk koruyucu tanrı vişnu'dur, yaşlı yogi ise, yalnızca tarihteki tanrılardan biri olan ama cüm şovun kendinden ibaret olduğunu düşünen indra'yı eğitmek için gelen, dünyanın yaratıcısı ve yok edicisi olan şiva.<br/>indra tahtında öylece oturmaktadır ve hayal âleminden artık çıkmış, öylece kalakalmıştır. marangozu çağırır ve der ki ""sarayın inşasından vazgeçtim. gidebilirsin.” böylece marangoz emeline ulaşır. işten kovulmuştur, artık sürekli bir inşaat yoktur.<br/>indra dışarı çıkmaya, yogi olmaya ve yalnızca vişnu'nun nilüferinin dibinde meditasyon yapmaya karar verir. ama indra'nın indrani adında güzel bir kraliçesi vardır. indrani ındra'nın planını duyunca tanrıların rahibine gider ve ""kafasında şimdi de gidip yogi olma fikri var” der. ""hmm,” der rahip, ""gel benimle canım, oturalım, ben bu meseleyi halledeceğim.”<br/>böylece kralın tahtının önünde otururlar ve rahip ""sizin için yıllar önce politika sanatı hakkında bir kitap yazmıştım” der. siz tanrıların kralı konumundasınız. siz brahma'nın esrarının zaman diyarındaki bir tezahürüsünüz. bu çok büyük bir imtiyazdır. bunun değerini bilin, onurlandırın ve neyseniz o şekilde hayatınızı sürdürün. ayrıca şimdi bir de, sizinle karınızın ikinin <br/>bir olmasının o müthiş muammasında, brahma'nın tüm ışıltısıyla var olduğunu bilmeniz için aşk sanatı üzerine bir kitap yazacağım.<br/>böyle bir kılavuzluk sonucunda indra gidip yogi olma fikrinden vazgeçer ve hayatta bir sembol —brahma'nın sembolü de diyebilirsiniz— olarak sonsuzu temsil edebileceğini keşfeder.<br/>yani hepimiz öyle ya da böyle kendi hayatlarımızın indra'sıyız. bir seçim yapabilirsiniz. her şeyi bırakıp ormana meditasyon yapmaya gidebilir ya da dünyada, hem politika ve görkemli başarılardan oluşan iş hayatınızda hem de karınız ve ailenizle olan aşk hayatınızda kalmayı tercih edebilirsiniz. bence bu çok hoş bir mit.&#13;
  ","There is a magnificent story about the Upanişad about God Indra.The story takes place at a time when a giant monster seized all the waters in the world.A great drought has emerged and the world is in a very bad situation.It is time for Indra to realize that Indra is a box of lightning, and that all he has to do is send a lightning on him to destroy the monster.When he does this, the water flows and the world is refreshed.Indra says, ""How wonderful I am.""The head carpenter of the gods begins to work on it and soon becomes a palace in a good condition.But every time the Indra comes to look at the palace, they have greater ideas about how spectacular and imposing the palace should be.Finally, the carpenter says, ""God, we're both immortal and there's no limit to his desires. I will stay here forever. Creative Tan",0
"
    bir peynir markası <br/><br/>kaşarlanmış ülkenin var olan en büyük kazığıdır&#13;
  ",A cheese brand <br/> <br/> is the largest stake of the cheddar country &#13;,1
"
    istihbaratlayamayan teskilat
  ",Intelligence,1
"
    lağv edilip yeni bir istihbarat teşkikatı kurulmalıdır, iç ve dış istihbarat ayrılmalıdır.
  ",A new intelligence organization should be abolished and internal and external intelligence should be separated.,1
"
    boğaz köprüsüne tank çıkarken pokemon yakalamaya çalışan kurum.
  ",The institution that tries to catch a pokemon while leaving the tank to the Bosphorus bridge.,1
"
    içinde hala darbeci barındırdığını düşündüğüm veya bunun kuşkusu içinde olduğum yapı. 2015 senesi muhafız alayında asker iken mit'e eleman almak için mülakat düzenlenirdi. mitte düşük standartlarda başlayıp yükselebilecek mit adayı olmak isteyen askerleri bir takım aşamalara sokarlardı: şınav barfiks vs. en son da sözlü bir mülakat olurdu ve bu noktada odada alay komutanı alay komutan yardımcısı ve mitten gelen görevliler olurdu. bunu komutanımıza sordum, neden ? mite alımlar neden buradan yapılıyor ? komutanımız o zamanın alay komutanı `muhammed tanju poshor`'un mitte bu işleri düzenleyen kişiyle arasında bir muhabbet-tanışıklık olduğundan bahsetmişti. şimdi düşününce bu kapsamlı projede muhafız alayının hali ortada, harekat merkezlerinden bir tanesi. ve bu alaydan mit'e onlarca insan alındı. hmm, enteresan.&#13;
  ","The structure I still think it still contains a coup d'état.While the year 2015 was a soldier in the guard regiment, an interview was held to get MIT.MITTE would start at low standards and rise in the MIT candidate who wanted to be a team of soldiers in a team: Shinav Barfiks etc.Lastly, it would be an oral interview, and at this point, the regiment commander would be the deputy commander of the regiment and the officers from myth.I asked our commander, why?Why are mite purchases made here?Our commander said that the regiment commander of the time was a conversation and a conversation between the person who organized these works in myth.Now, when you think about it, the state of the guard regiment in this extensive project is one of the operations centers.And dozens of people were taken to MIT from this regiment.hmm, interesting. &#13;",1
"
    şöyle bir şeye rastladım: [http://www.acikders.org.tr/mod/resource/view.php?id=1375 mit,mitoloji,ritüel]
","I came across something like this: [http://www.acikders.org.tr/mod/resource/view.php?id=1375 MIT, Mythology, Ritual]",0
"
    kendini feda edecek binlerce genç varken bir hiç ugruna kendini patlatan teroristleri tespit edemiyorsa, engelliyemiyorsa, yurtdisina kacip orada ulkeyi yalan yanlis bilgilerle anlatanlara engel olamiyorsa <br/><br/>kusura baksın kenara cekilsin<br/><br/>bu millet bu devlet icin milyonlarca insan var biz acizmiyiz? siyaseten/politik olarak bizi baska ulkeler sevmiyor hatta dusmanlar bunu anladik peki sen ne yaptin??<br/><br/>almanyada 3.5 milyon turk var <br/>abd ve ingilterede yarim milyon turk var<br/>ıranin 3/1 turk <br/><br/>bu ulkeler bizi patlatmada pek hunerli senin hunerin ne????&#13;
  ","If there are thousands of young people who will sacrifice themselves, if they cannot detect the terrorists who explode themselves, if they cannot be blocked, if they cannot prevent those who tell the country with false information there, <br/> <br/> I'm sorry.There are millions of people for the state, we are acism?Politically/politically do not like other countries other countries, even the enemies understood this, so what did you do? ""Turk <br/> <br/> These countries are hard to explode us what is your hunter ???? &#13;",1
"
    hiçbir şekilde ""`istihbarat`"" işini yapamayan, kim kimi m.kmiş video kasetleriyle uğraştığına inandığım dandirik devlet kurumu. <br/><br/>son 3 senedir her türlü istihbarat yurtdışı kurumlar tarafından alenen kendi vatandaşlarına verildi. biz de okuduk, ""yok yeaaa nolacak? milleti geriyorlar"" dedik. dediğimizin üstünden geçe geçe 1 hafta geçti patladı bombalar.<br/><br/>be şerefsizin evlatları. sizin yapacağınız istihbarat işinin gelmişini, geçmişini seveyim. en başınızdaki adam bakan olamadığı için hala bunalımda galiba. zira ahmet davutoğlu gittiğinden beri ortalıkta yok. niye yok? darbe oldu, cumhurbaşkanına söylemek yerine genelkurmay başkanına gitti. sebep? bilinmiyor. bu adam herkesin her haltını bildiği için mi kimse ona dokunamıyor? yoksa gerçekten başka yerlere satacağı bilgilere göz yumulduğu için mi korunuyor? <br/><br/>gerçekten yapsalar 3000 bölümlük dizi olur. nasıl boş oturulur? nasıl iş yapılmaz? bunu bize bu kadar net gösterdiğiniz için de ayrıca teşekkürler.&#13;
  ","In any way, ""Intelligence`"" can not do the business, who is engaged in some m.kmiş video cassettes, I believe that the dandirik state institution.<br/> <br/> All kinds of intelligence has been given to their citizens by overseas institutions for the last 3 years.We read, ""no yeaaa what will be? Nation stretching"" we said.1 week passed over the passing of the bombs.Let me love your intelligence business, your past.I think it's still depressed because the man at the beginning is not a minister.Because Ahmet Davutoğlu has not been there since he left.why not?There was a coup, instead of telling the president, he went to the Chief of General Staff.reason?Unknown.Nobody can touch him because this man knows every thing everyone knows?Or is it really protected because the information he will sell to other places is condone?<br/> <br/> If they really do it, it would be a 3000 -episode series.How to sit empty?How is it not done?Thank you for showing this to us so clearly. &#13",1
"
    yerli siyayey<br/>&lt;&lt;0&gt;&gt;&#13;
  ",Domestic Siyayey <br/> & lt;,1
"
    tarihinin en önemli operasyonlarından birini 17 ocak 2017 tarihinde yapmıştır 39 kişinin ölümüne neden olan teröristi yakalamıştır
  ",One of the most important operations in its history has made the terrorist who caused the death of 39 people on 17 January 2017,1
"
    yaşadığı itibar kaybıyla ilgili görüşlerimi paylaşmak istiyorum.

son yıllarda gelen `kpss` ve `yds` vs şartı yüzünden teşkilatta çalışmak bir kariyer işi haline geldi. yani sabah 8'de girilen ve akşam 5'te çıkılan bir plaza işi gibi. kpss ve yds gibi sınavlardan 70-80 gibi puanlar isteniyor. bu puanlara göre adaylar sıralanarak teşkilata alınıyor. bu puanı alan, yani masa başında çalışarak bu kuruma giren adam sokaklara çıkmak, asıl işini, işinin özünü; istihbarat toplamayı yapmak istemiyor. mit kimliğimi cebime koyayım, rayban gözlüklerim, siyah takım elbisemle [http://addicted2success.com/wp-content/uploads/2012/06/CIA-Agents-Like-Entrepreneurs.jpg şöyle] işe gidip geleyim istiyor. sokaklara, asıl istihbaratın toplandığı yerlere benim dışımda kim çıkarsa çıksın, kim giderse gitsin, ben onun öğrendiklerini raporlayayım, masa başında çalışayım istiyor. 

mit'in ihtiyacı olan böyle sınavlarda yüksek notlar alan, işin şeklinde olan adamlar değil. masa başından masa başına geçen bu insanlara mit'in ihtiyacı yok. sokaklarda olmayı seven, 8-5 mesai bilmeyen, her türlü insanla muhabbet edebilen, her kılığa girebilen, insanları tanıyan, sokaktan gelmiş ve yine sokağa dönebilecek insanlar mit'in ihtiyacı olan. çalıştığı bölgeyi çıkıp gezmeye korkan adamlara mit'in ihtiyacı yok! belki ders çalışmak konusunda iyi olmayan ama hayattan hiç kopmamış, hayatın içinde olan gençlere mit'in ihtiyacı var.

futbola benzetiyorum ben biraz. varoş mahalle çocuklarının sporudur futbol. zengin bebeleri piyano dersleriyle, eskrim gibi sporlarla ilgilenirken, varoş mahalle çocukları futbola yönelir. genelde de avrupa ve amerika harici yetişen futbolculara baktığınız zaman hep aynı hikayeyi görürsünüz. işte mit, şuan sınav şartı olarak piyano çalmayı ve eskrim yapmış olmayı istiyor ama işe aldığı adamların tozun, toprağın, çamurun içinde, yaz-kış ayırmadan futbol oynamasını bekliyor. olacak şey mi bu? olmuyor işte, hepimiz görüyoruz. hem de maalesef acı bir şekilde.

bununla birlikte 55 yaşında zorunlu emeklilik diye bir saçmalık var. mit personeli, ne kadar terfi alırsa alsın, yıpranma vs diye 55 yaşında zorunlu olarak emekliye ayrılıyor. `cia`, `mi6` gibi kurumlara baktığınız zaman istenilmediği zaman emeklilik gibi bir şey olmadığını görüyorsunuz. en azından 55 yaşında değil. çünkü bu ustalık-çıraklık şeklinde öğrenilen ve devam etmesi gereken bir meslek. mit örneğine baktığınız zaman kuruma 30 yılını vermiş adam, 55 yaşına geldiğinde, önce ülkeyi ve insanları, sonra kurumu en iyi tanıdığı yaşta emekli hale getiriliyor. bu insanlar, evlerinde, kahvelerde pinekleyerek tüm birikimlerini öldürüyorlar. arkasından gelen çömezin ise bu işin nasıl yapıldığı, abilerinin deneyimleri hakkında fikri olmuyor. masa başından ayrılmak istemiyor elinden tutup bir dışarı çıkaran olmadığı için.

ezcümle, mit başta bir kariyer işi olmaktan çıkarılmalı. bu iş bir saha işi. öyle ders çalışan, akademik olarak başarılı parlak çocukların ağırlığı kurumdan kaldırılmalı. bu kurumu `657` zihniyetine mahkum edemezsiniz, 657 kafasıyla yönetemezsiniz. bu nedenle, daha esnek bir işe alım süreci getirilmeli ve zorunlu emeklilikle ilgili değişikliğe gidilmeli; usta-çırak ilişkisi sayesinde deneyimlerin uzun yıllar sonraki nesillere aktarılabilmesi sağlanmalı.

not: mit ile herhangi bir bağlantım bulunmamaktadır. kişisel görüş ve önerilerim milli istihbarat teşkilatını bağlamaz. bu entryimle ilgili mesajlara cevap verilmeyecektir.
  ","I want to share my views on the loss of reputation.

In recent years, 'KPSS` and `yds` etc. because of the condition of working in the organization has become a career job.So it is like a plaza job entered at 8 in the morning and went out at 5 pm.KPSS and YDS exams such as 70-80 scores are required.According to these points, candidates are listed and taken to the organization.The man who gets this score, that is, working at the desk by working at this institution, goes to the streets, the real work, the essence of his work;He doesn't want to collect intelligence.Let me put my MIT identity in my pocket, my rayban glasses, with my black suit [http://addiCTED2Sucress.com/wp-content/uploads/2012/06/cıa-agents-agents-like-entrepreneurs.jpg.No matter who comes out of me, no matter who goes to the streets, where the real intelligence is collected, I want to report what he has learned, to work at the desk.

It is not the men who take high grades in such exams that MIT needs.This is the beginning of the table",1
"
    ""yaşadığı itibar kaybı""<br/><br/>ne itibari vardi ki neyi kaybetti? yillardir solcu (ki solcu derken fasist ve irkci zihniyete sahip olmayan herkes, oyle 'orgutlu sol' falan da degil) fislemekten baska isi olmayan bir kurum oldugunu biliyorduk zaten, son yillarda sahada da sagolsunlar kendilerini kanitladilar.&#13;
  ","""Loss of reputation"" <br/> <br/> What did he have that he lost?For years, the leftist (who did not have a leftist and fascist and racist mentality, so 'orgutlu left' or something) we already knew that there was no other job than to fistihas, they also proved themselves in the field in recent years.",1
"
    15 temmuz gecesi mit'e saldıran helikoptere stinger ile karşılık verildi. yani eyvallah istihbarat biraz da paranoyak olmalı ama ülkenin başkentinde kendi merkezinde stinger bulundurmak ne demek ya? çok can acıtıcı bir durum. o orospu evlatları o mevkilere gelene kadar nasıl uyudu bu kurum ki işi uyandığında başkentte hava savunma silahları barındıracak duruma geldi. sadece 100 yıl önce kuzey afrika'da aşiretlerden milis kuvvet yaratan sistem bu kadar nasıl düşebildi hayret. <br/><br/>''doğu'' için en şanslı kurum mit bence. türk ve sunni bir devletin bu topraklarda başarılı olmama şansı yok. fenerbahçe gibiyiz yani. taraftar var para var sonuç ''baskette anasını ağlatıyoruz aga''. yani güneyimizde yüzmilyonlarca sunni var , olarla mezhep kanalından bağlantılar kurup istediğimiz örgüt tipini veya finans akımını yaratabiliriz. doğumuz zaten komple turan ya dilucundan çin sınırına türk dünyası yani. ırksal damardan girip aynı etkiyi yaratabiliriz. <br/><br/>hakan biliyorum burayı okuyorsun, sen okumasanda adamların okuyordur. yani inşallah okuyorsunuzdur ya. ekşi'yi istihbari faliyet olarak olmasa da yazar olarak okuyanınız vardır yani umarım. üstte yazdıklarım eminim aklına gelmemiştir. beni değerlendir lütfen.<br/><br/>el-bab'da ev ev kimin oturduğunu ve bunların kime destek verdiğini bilen istihbarat teşkilatıdır. sakallılar kolay. çocukları ışidçi diye öldürebilir misiniz?&#13;
  ","On the night of July 15th, helicopter was responded to MIT.So thank you intelligence should be a little paranoid, but what does it mean to have a stinger in its own center in the country's capital?It's a very painful situation.How the son of the bitch slept until he came to those positions, how this institution woke up when the work woke up air defense weapons in the capital.Only 100 years ago, the system that created a militia from the tribes in North Africa was amazed.<br/> <br/> '' East '' is the luckiest institution I think MIT.A Turkish and Sunni state has no chance of not being successful in these lands.We are like Fenerbahçe.Fans have money, the result '' basket in the mother we cry aga ''.In other words, there are hundreds of sunni in our south, we can establish connections from the sectarian channel and create the type or finance current we want.Our birth is already complete from the turan or the Turkish world to the Chinese border.We can enter the racial vein and have the same effect.<br/> <br/> Hakan I know here",1
"
    hiç kimsenin görmediği, yaşamadığı, şahit olmadığı ancak nedense içten içe pek çok insanın inandığı hurafelere verilen ad. <br/><br/>şimdi sana ""yetiş mahmut abi ananı sikiyolar!"" desem inanır mısın? inanmazsın. e nedir bu ısrar o vakit?&#13;
  ","The name given to the superstitions that no one sees, does not live, that it is not a witness, but for some reason many people believe.<br/> <br/> Now you ""Yetiş Mahmut brother fuck your mother!""Do you believe it if I say?you don't believe it.What is this insistence then? &#13;",0
"
    sitesindeki çocuk oyunlarını az geliştirsin, cia kidzone oyunları daha kaliteli, üzülüyor insan.
  ","Let the children's games on the site less improve, Cia Kidzone games are better quality, upset people.",1
"
    günümüzde ki anlamı, gerçeklere aykırı olup geniş çapta inanılan şeydir. <br/><br/>bir başka tanım ise: dördüncü yüzyılda salustius, ''hiç meydana gelmemiş ama her zaman var olan şeylerdir'' şeklinde tanımlamıştır.&#13;
  ","The meaning of today is contrary to the facts and is believed to be widely believed.<br/> <br/> If another definition is: Salustius in the fourth century, '' has never occurred, but always exists '' as defined as. &#13;",0
"
    geleneksel olarak yayılan veya toplumun hayal gücü etkisiyle biçim değiştiren alegorik bir anlatımı olan halk hikâyesidir. dolayısıyla mitler; bir toplumun inançlarını, duygularını ve eğitimlerini yansıtırlar.
  ","It is a folk story that is traditionally spread or has an allegorical expression that changes shape with the influence of imagination of society.Therefore, myths;They reflect the beliefs, emotions and education of a society.",0
"
    --- `spoiler` ---

...türkiye ""nato üyesi"" olarak kaldığı sürece, mit'in cumhurbaşkanlığı'na bağlanmış olması, hem nato için ciddi bir güvenlik zaafı, hem de türkiye için devlet katında ciddi bir kriz.
ecevit'in dediği gibi laf'tan ibaret bir ""devlet krizi"" değil, ta kendisi.
mit'e 100 puanlık uzman sorusu: erdoğan'ın kendini içinde gördüğü kamp (şiö) ile türkiye'nin uluslararası anlaşmalar ile bağlı olduğu kamp'lar (nato, ab, gb) arasındaki çatışma, türkiye'yi çok hızlı bir şekilde, 12 eylül öncesi günlere taşır mı?!
örnek: 
şu saat'ten sonra mit'in verdiği istihbarat, nato konseptinde çalışan devlet'in kurumları için ne kadar güvenilir?!
bu sorgulanmayacak mı?!...
--- `spoiler` ---

[http://hayrullahmahmudozgur.blogspot.com.tr/2017/09/25-eylul-sabah-ankaray-nasl-bir-tablo.html http://hayrullahmahmudozgur.blogspot.com.tr/…o.html]
","--- `spoiler` ---

... As long as Turkey remains a ""NATO member"", the fact that MIT is connected to the Presidency is a serious security weakness for NATO and a serious crisis for Turkey.
As Ecevit said, it is not a ""state crisis"", but he's.
100 -point expert question to MIT: The conflict between Erdogan's camp (SCO) and Turkey's Camps (NATO, EU, GB) to which Turkey is affiliated with international agreements, Turkey very quickly, 12 September 12 SeptemberDoes it carry to the pre -days?!
example:
How reliable for the institutions of the State working in the NATO concept?!
Will this be not questioned?! ...
--- `spoiler` ---

[http://hayrullahmahmudozgur.blogspot.com.tr/2017/09/25-eylul-sabah-ankaray-nasl-bir-tablo.html http://hayrullahmudozgur.blogspot.com.tr/…o.html]",1
"
    dünyadaki olayları anlamlandırmak adına getirilen dini açıklamaların kuşaktan kuşağa aktarıldığı, yaşamı açıklamaya yönelik tanrısal anlatıdır. örneğin hristiyanlık yayılmadan önce norveç'te, bereket tanrısı olarak da tapınılan thor'un iki keçinin çektiği bir araba ile gökyüzünde dolaştığına inanılırdı. thor, salladığı zaman şimşek çakan ve fırtınalar koparan bir çekice sahipti. toprakla uğraşanlar için yağmur hayati bir önem taşıdığından thor, ekinleri yöneten bereket tanrısı olarak anılırdı.
  ","It is a divine narrative to explain life, where religious explanations brought from generation to generation are transferred from generation to generation.For example, before Christianity spread, it was believed that Thor, who was also worshiped as a god of fertility in Norway, was wandering in the sky with a car attracted by two goats.Thor had a chest of lightning and storms when he shook.Thor was known as the god of fertility that ruled the crops, as rain was vital for those who deal with the soil.",0
"
    devletin aynı anda hem her yerde olduğunu, hem de hiçbir yerde olmadığını gösteren devlet kurumu. bylock uygulamasını patlatmasıyla klasik istihbarat yöntemlerinin dışında da rüşdünü ispat etmiştir.
  ","The state institution showing that the state is both everywhere at the same time and that it is not anywhere.With the explosion of ByLock application, he proved his bustle in addition to classical intelligence methods.",1
"
    ""neden böyle"" sorusuna mitler cevap verir genelde. en basitinden ademoğlunun cennetten kovulma hikayesini örnek verelim. bu mitoloji tevratta da geçer. yılan, elma, adem,havva hikayesi... cennetten kovulduktan sonra her birine verilen ceza vardır. yılanın cezası ömür boyunca sürünmek ve toprak yemek, insanoğluyla düşman olmak. kadının cezası doğum sancısı çekmek. erkeğin cezası ise kendi emeğinin karşılığı ile ancak hayatta kalabilmek.
  ","Myths usually answer the question ""why"" the question.In the simplest, let us give an example of the story of Ademoğlu's expelled from heaven.This mythology also passes in the Torah.Snake, apple, Adam, Eve story ... After being expelled from heaven, there is a penalty given to each.The punishment of the snake is to crawl throughout life and eating soil, to be an enemy with human beings.The punishment of the woman is a painful pain.The penalty of the man is to survive only with the return of his own labor.",0
"
    doğaüstü varlıkların eylemlerinin öyküsünden oluşan kutsal öykülerdir. gerçek ve kutsal kabul edilir. her zaman yaratılış ile ilgilidir.
  ",They are the sacred stories of the acts of the actions of supernatural beings.it is considered real and sacred.it is always about creation.,0
"
    ismime ilham kaynağı olan üniversite.<br/>amerika'da bulunan ilim, irfan, teknoloji yuvası.&#13;
  ","University, which inspires my name.",1
"
    en büyük haber kaynağı kıraathaneler olan haber alma kurumu. sen darbeyi o gün öğreniyorsun, erdoğan'a suikast girişimi olacağını önceden haber alıyorsun. böyle bir başarı sadece kıraathanelerde oturup çay içerken gerçekleşebilir.
  ","The biggest news source of the news is the Kiraathaneler.You learn the coup that day, you get news in advance that there will be an attempt to assassinate Erdogan.Such a success can only be achieved while sitting in the cafes and drinking tea.",1
"
    hello stalker
  ",Hello Stalker,1
"
    zeytindalı harekatında iki askerimizi şehit eden 9 tane teröristi yakalayıp hataya getiren son günlerde başarılı operasyonlara imza atan milli istihbarat teşkilatımız.
  ","Our National Intelligence Organization, which has signed successful operations in recent days, caught 9 terrorists who martyred two soldiers in the Operation of Zeytindalı.",1
"
    ""mit yaşamın temelidir; yaşamın bilinçaltı bir itkiyle kendi özelliklerini yeniden üretirken içine aktığı zamandışı kalıp, inanca dayalı formüldür."" demiş `thomas mann`
","""MIT is the basis of life, life is the formula based on faith, when life flows into it when it reproduces its own characteristics with a subconscious impulse.""he said `Thomas Mann`",0
"
    eski sevgililerinin, eskiden takık olduğu hatunların numarasını bulup onlara mesaj atan zavallı tipleri bünyesinden temizlerse başarılı bir teşkilat olabilir.<br/><br/>düşünsene lan. koskoca mit mensubusun, teşkilatın imkanlarını kullanarak bi’ ara takıldığın ama sana yol veren karının numarasını falan bulup tekrar yazıyorsun. üzücü...<br/><br/>edit: bir kısım dalyarakları kibarca uyarmak isterim. söz konusu eylemi yapan eski bir arkadaşım. ayrıca belirtmeden geçemeyeceğim şey de şu;<br/><br/>ulan top, seni bi’ sikerim, çığlıkların ananın amından yankı yapar. kalabalık yapma, siktir git.&#13;
  ","If he finds the number of the chicks he used to be the number of chicks that he used to be obsessed with them, he can be a successful organization if he cleanses the poor types from his body. <br/> <br/> Imagine.You find the number of the wife of the organization, using the possibilities of the organization, but you find the number of your wife's number or something.sad ... <br/> <br/> Edit: I would like to politely warn some of the daly.An ex -friend of the action in question.Also, what I cannot pass without mentioning is this;Do not crowd, fuck go. &#13;",1
"
    fazla mutevazilik kibirdendir demisler. bu yuzden cok mutevazi olamayacagim: sayet bu kurumda calisiyor olsaydim, bunyelerinde beni bulundurdiklari icin sansli olurlardi. <br/><br/>bazen potansiyelimi heba ettigimi dusunuyorum. minnacık detaylardan öngördüğüm/ buldugum seyler bazen ahh be keske bir ajan, dedektif, efendime soyleyeyim bir cinayet masasi çalışanı olsaydım dedirtiyor. <br/><br/>tanim: duyduguma gore bazi is tekliflerini sms ile yapip mulakata cagiran, devletin guvenligi ile ilgili calismalar yuruten kurum.<br/><br/>edit: eksik kelime&#13;
  ","They said it is too much mutevazism.Therefore, I will not be very mutevazi: If I were working in this institution, they would have been in a chance because they had me in their buns.<br/> <br/> Sometimes I think I wasted my potential.The things I foresee from the tiny details, sometimes ahh be very wish, a detective, let me tell my master if I were a murder table employee.<br/> <br/> Definition: According to I heard, some business offers are made by sms and calling for mulakata, the institution related to the security of the state. <br/> <br/> Edit: Missing Word &#13;",1
"
    mit: söylen, mitos<br/>söylenti: rivayet<br/>türk mitolojisinde göktürk, altay yaradılış , vs, efsaneleri anlatılarını gözardı etmek, köklü, zengin bir kültürü gömmek anlamı taşır. oysa, antik yunan mitolojisi hikayeleri günümüz sinemasında senaryolaştırılmış örnekleri mevcut. kitaplaştırılmış halleri uzun yıllardır var.&#13;
  ","MIT: Rumor, Mitos <br/> Rumor: narrated <br/> In Turkish mythology Göktürk, Altay Creation, etc.However, there are examples of screenplayed in today's cinema stories of ancient Greek mythology.Bookized states have been for many years. &#13;",0
"
    efsaneleşen kavram ya da kişi.
  ",legendary concept or person.,0
"
    mit: latince mythus, yunanca muthos. anlatı, öykünce, masaldan (fable) köken alır. <br/>mit; geleneksel olarak yayılan ya da toplumun hayal gücüyle biçim değiştiren , tanrı, tanrıça ve evrenin doğuşu ile ilgili imgesel , alegorik anlatımı olan halk öyküsü, mitos, anlamına gelir. <br/>talat parman&#13;
  ","MIT: Latin Mythus, Greek Muthos.The narrative is originally from the fairy tale.<br/> MIT;The folk story, Mitos, which is traditionally spread or changes in the imagination of God, Goddess and the universe, which is traditionally spread or changes in shape with the imagination of society, means mythos.<br/> Talat Parman &#13;",0
"
    (bkz: `milli istihbarat teşkilatı`)&#13;
  ",(see: `National Intelligence Organization) &#13;,2
"
    yunanca'da ""mythos"" kavramından türemiştir. mit, çoğu zaman toplumların gelenek ve göreneklerini yansıtan hikaye veya öykülerdir. bu tanıma göre her milletin mit'leri vardır. örneğin yunanistan'dan da bulunan tanrı ve tanrıça hikayeleri, türkiye için ergenekon destanı vb. içerisinde toplumların kültürlerlerinin izlerini taşıyan doğaüstü hikayelerdir.
  ","It derives from the concept of ""Mythos"" in Greek.MIT is often stories or stories that reflect the traditions and traditions of societies.According to this definition, every nation has MITs.For example, the stories of God and Goddess from Greece, Ergenekon epic for Turkey and so on.They are supernatural stories that carry the traces of the cultures of societies.",0
"
    mit sözcüğü etimolojik olarak `antik yunanca`daki `mutos` sözcüğüne dayanır. mutos ""söz, söylenen/anlatılan şey"" anlamına gelir (dolaylı bkz. `logos`). anlatılar anlatılageldikleri toplumlarda kabul görür, kullanılır ve kuşaktan kuşağa aktarılır. böylece gelenekselleşir. gelenekselleştiği için efsanevi ve destansı özellikler de kazanır, doğaüstü öğelerle harmanlanarak dinsel bir kimliğe bürünür. aslında `mitoloji` `eskiçağ`’ın ve ait olduğu toplumun dinidir.&#13;
  ","The word MIT is etymologically based on the word `mutos` in ancient Greek.Mutos ""means what is said/described"" (indirect see `Logos`).The narratives are accepted, used and transferred from generation to generation in the societies they are told.Thus, it becomes traditional.Since it becomes traditional, legendary and epic features gain, blending with supernatural elements and becomes a religious identity.In fact, `mythology` is the religion of ancient and the society to which it belongs. &#13;",0
"
    em ay ti lan... `mit` deyip geçmeyin: `massachusetts ınstitute of technology`.<br/>`caltech`'i öğrenip `mit`'i bilmemek olmaz şimdi. bizi üzmeyin.&#13;
  ",Em moon ti lan ... `` mit` do not say: `Massachusetts Institute of Technology`.Don't upset us. &#13;,1
"
    istanbul'daki yeni yerleri maslak'ta sarıyer belediyesi'nin yanındaki minik saraymış.<br/>güvenlik önlemleri, bina şekline falan bakınca zaten ya reyiz kendine yeni yer yaptırmış ya da o ayarda biri burada olacak diye düşündürüyor.<br/>güzel bina, hafiten osmanlı dönemi mimarisi izleri var gibime geldi.&#13;
  ","The new places in Istanbul were the tiny palace next to Sarıyer Municipality in Maslak., I see the traces of the architecture of the Ottoman period. &#13;",1
"
    sanıldığının aksine eskilerin masalsı hikayeleri değildir. bir olguyu insanların daha iyi kavrayacağı, duygusal yöntemlerle işlemektir. <br/>örneğin, metroya bindiğinizde durakları gösteren tabela gibidir. bir haritadır o, ama diğer haritalar gibi mesafe, yükseklik, eğim göstermez. anlatılmak isteneni kendine has bir yöntemle anlatır.<br/>metro haritası ne kadar gerçekse mitler de o kadar gerçektir. sadece doğru yerden bakmayı bilmek gerekir.&#13;
  ","Contrary to popular belief, it is not the fairy tale stories of the ancients.It is to process a phenomenon with emotional methods that people will better grasp.<br/> For example, the signage showing the stops when you get on the subway.It is a map, but like other maps, distance, height, no slope.It describes what is meant in a unique method.You just need to know how to look at the right place. &#13;",0
"
    tarihi, fiziki ve felsefi genel bir konuyu alegori şeklinde işleyen hayal ürünü eserlerin genel adı. mit, çeşitli şekillerde tanımlanır, onu efsaneden kesin olarak ayırt etmek zordur. bununla birlikte mit, genel olarak sembolik, çoğu zaman kozmogonik bir anlam taşır.
  ","The general name of imaginary works that work in the form of allegory.The myth is defined in various ways, it is difficult to distinguish it from the legend.However, myth generally has a symbolic and often cosmogonic meaning.",0
"
    milli istihbarat teşkilatının kısaltılmış adı.
  ",The abbreviated name of the National Intelligence Organization.,1
"
    ulusların büyük imparatorluklar kurmalarının müsebbibi. <br/>ortak payede buluşan küçük ve büyük toplumlar kurgu sayesinde birlik oluşturarak emsalsiz devletler kurmayı başarabilmişlerdir.&#13;
  ",The permission of nations to establish great empires.<br/> Small and large societies that meet on the common pillars have succeeded in establishing unique states by creating unity thanks to fiction. &#13;,0
"
`jeffrey burton russell` , mephistopheles'inde şöyle ifade eder; mitler, bilinçdışının, bilinç tarafından arıtılmış ve değişime uğratılmış ürünleridir. insanın varoluş gerçeğinin simgesel doğasıdır. mitler itibari olarak edebi ve bilimsel herhangi bir gerçekliğe sahip olmasalar da insan bilincinin daha derin bir düzleminde daha derin bir gerçekliği ifade ederler.&#13;
  ","`Jeffrey Burton Russell`, Mephistopheles'de expresses as follows;Myths are the products of the unconsciously purified and changed by consciousness.It is the symbolic nature of the reality of human existence.Although myths do not have any literary and scientific reality, they express a deeper reality in a deeper plane of human consciousness. &#13;",0
"
    ilk yunan düşünürlerinde tanrı düşüncesi<br/><br/>“mit, kutsal bir öyküyü anlatır; en eski zamanda, ‘başlangıçtaki’ masallara özgü zamanda olup bitmiş bir olayı anlatır. bir başka deyişle mit, doğaüstü varlıkların başarıları sayesinde, ister eksiksiz olarak bütün gerçeklik, yani kozmos olsun, isterse onun yalnızca bir parçası (sözgelimi bir ada, bir tür bitki, bir insan davranışı, bir kurum) olsun, bir gerçekliğin nasıl yaşama geçtiğini anlatır. demek ki mit, her zaman bir ‘yaratılış’ın öyküsüdür”. evet, işte bu yaratılış öyküsü olan mitler biz insanların yanıt arayışı bakımından ilk olması bakımından büyük bir öneme sahiptir. dünyada ilk zamanlardan bugüne kadar varolmayı sürdüren her milletin yaratılış öykülerini yorumlama biçimleri -yani mitler- benzerlik göstermekler birlikte birbirinden farklıdır. hem dayandığı kökenlerin ve anlatılarının eskiliği hem de nitelik bakımından önde gelen mitolojilerden birisi yunan mitolojisidir.<br/><br/>avrupa felsefesinin başlangıcını ne zaman anlatmaya başlarsak başlayalım muhakkak önce yunanlıları düşünürüz. doğal ya da felsefi teolojinin kökeni ararken sarf ettiğimiz gayret de bizi onlara yani yunanlılara götürür. doğal teoloji ( thelogia naturalis) batı hristiyan toplumu için önemli bir kavramdır ve bu kavram da st augustinus tarafından bu döneme kadar gelmiştir. augustinus de civitate devi kitabının ilk beş kitabında barbar bazı tanrılara saldırır, altıncı kitabında ise hristiyan dinin tek tanrı inancını açıklayarak onun yunan felsefesindeki benzerliklerini gözler önüne serer. hatta tamamen eş değer olduğunu söyler. augustinus a göre yunan dünyasının tek temsilcisi platon dur. ve fakat biliyoruz ki ortaçağ da bu durum tersi bir yöndeydi yani aristoteles daha önemli konumdaydı. fakat rönensans la beraber yine platon önemini tekrar kazanmıştı. <br/><br/>augistinus çok önemsediği ansiklopedist ve üretken bir yazar olan varro ya göre teoloji 3 türe ayrılıyor:<br/>1)mitsel<br/>2)siyasal<br/>3)doğal<br/><br/>mitsel de tanrılar şairler tarafından tasvir edilen bir dünya var.<br/>siyasal teolojide, resmi devlet dinini bu dinin kurum ve kültürlerini içeren bir dünya var.<br/>doğal teolojide ise, gerçekliğin doğasında kendini açığa vuran kutsalın doğasını ele alan bir teori olarak filozofların dünyasıydı.<br/><br/>augustinus a göre gerçek din, hakikate dayanan bir din demekti ve şairlerin mitsel teolojisi hoş bir hayal dünyasından başka bir şey sunmuyordu. yani ona göre gerçek din sadece doğal teolojidir. ayrıca ona göre gerçek din kendini sadece bir ulusla sınırlı tutulamaz. tanrı doğası gereği evrenseldir ona göre ve evrensel olduğu için de ona evrensel olarak itaat ya da ibadet edilmelidir. bu fikir aynı zamanda hristiyanlık öğretisinin temelini oluşturan bir unsurdur. augustinus da bu fikri yunan evrenselciliğinden alır. bu bağlamda ele alırsak yunan felsefesinin doğal teoloji olduğu yargısına varırız. devlet ya da mitsel teolojinin doğayla hiçbir ilgisi yokken doğal teoloji bizzat doğayla ilişkilidir. doğal ve mitsel teoloji tamamen yapay yahut insan eliyle oluşturulmuş gelenekler bütünüdür diyebiliriz. <br/>yani buradan iki sonuca varırız:<br/>-doğası itibarıyla<br/>-uzlaşma ürünü, insanlar tarafından kabul edilmiş gelenekler <br/>doğası itibarıyla olana doğal teoloji alınırken uzlaşma ürünü ya da yapay olarak elde edilmiş olana da mitsel ya da devletin tanrılarını, teolojisini koyarız.<br/>buradan şu sonuç çıkar: doğal teolojiye göre devletin tanrıları ve şadlerin tanrıları bizzat aynı düzeydedir. varro teolojiyi 3e ayırmasındaki amaç aradaki keskin ayrımı belirtmekti. <br/><br/>aslına bakıldığında da teoloji kavramı varro nün ve augustinus’un da kullanımından da daha eskiye dayanıyor. teoloji kelimesi de yunanlılara ait bir kavram olması bizi şaşırtmamıştır. onların spesifik bir ürünüdür diyebiliriz.<br/>theologia yı köklerine ayırırsak theoi tanrıya ya da tanrılara yaklaşmak anlamına gelir.<br/><br/>teoloji kavramını ilk kullanan platondur ayrıca bu fikrin yaratıcısı da odur diyebiliriz. sonrasında aristoteles de kullanmıştır. bu kelime onlarla varlığını başlatmış sürdürmüş diyebiliriz. bu kavramın yaratıcısına platona dönersek ilk olarak devlet adlı eserinde şiirin felsefi standart ölçümlerini tespit etmek için bu kavramı gündeme getirdi. hatta kitabı okuduysanız biliyorsunuzdur, tanrıları yerecek bir destan anlatımına izin vermez platon kitabında, tanrıların insan gibi tasvir edilmesine de karşıdır. homeros ve hesiodos şiirlerine atıfta bulunarak bunları gafletle suçlar ve kitabında bu kişilerden kötü bahseder. tanrılara atfedilen insani zaaflar, çünkü insan eksiktir, zaafları vardır zevkleri vardır. platon ve sokrates in tanrı anlayışlarına tamamen bir anlayıştı. dolayısıyla bu kelime mitsel gelenekle tanrı geleneğine ait çatışmadan ortaya çıktı. platonun bu eseri bize platon un yüksek düzeyde teolojiye ulaştığını gösterir. yunan felsefesi şüphecilik hariç teolojiye varmıştır en son noktada. aristoteles e göre teoloji bütün felsefi varlık incelemelerinin nihai ve en yüksek hedefidir, hatta buna daha sonra aristoteles metafizik diyecektir. yani teolojinin bittiği yerde felsefe başlar diyebiliriz. <br/><br/>aristoteles ten önceki yazarlar, doğa filozoflarıyla ve ilk yunan şairleri arasında bazı benzerlikler tespit etmişlerdir. <br/>yani konunun özüne dönersek aslında başlangıçtan beri insanların sürekli arayışları olmuştur. bu arayışlar da çeşitlilik gösterebilmiştir. kimisi mitolojik olmuştur, kimi bu arayışını felsefe ile yapmıştır kimi bilim ve teknolojiyle. mitoloji bu anlamda ilkel insanın yanıt arama biçimi olarak felsefe bilim ve teknolojiden bile daha eski köke dayanır.<br/>mircae elliade ye göre mit bir yaratılışın öyküsüdür.&#13;
  ","In the early Greek thinkers, the thought of God <br/> <br/> “Myth tells a sacred story;In the oldest time, it describes an event that is happening in the ‘initial’ fairy tales.In other words, thanks to the achievements of supernatural beings, the myth describes how a reality is in life, whether all reality, that is, cosmos, or just a part of it (for example, a kind of plant, a human behavior, an institution).Thus, myth is always the story of a ‘creation”.Yes, the myths that have a story of creation are of great importance in terms of being the first in terms of the search for response.The ways of interpreting the stories of creation of every nation that has been existing since the early days in the world - that is, the likes of the myths - are different together.One of the leading mythologies in terms of the oldness and quality of the origins and narratives on which it is based is Greek mythology. <br/> <br/>",0
"
    eyropada kol gezerler, yolları tırıs tırıs teperler, kolay bulunurlar, ucuzdurlar, motorlarla uğraşırlar, işten anlamazlar,füler bağlarlar, dep dep dep gezerler, dep dep olurlar, la la sülerler, danke danke alırlar, canlar canlar sülerler, ucuzdurlar.
  ","They walk around in the Eyrop, they are easy to climb the roads, they are easy to find, they are cheap, they deal with engines, they don't understand work, they don't understand work, they do not understand work, they do not understand, they get out of the wands, the deposes, they are wanders, they get danke danke, the souls are cheap, they are cheap.",1
"
    trt’nin projesi kapsamında birkaç mensubuyla tanışma şansı yakaladım. adamlar düşündüğümen çok daha eğlenceli tipler çıktı. bu adamlar nasıl bu mesleği seçmiş diye uzun uzun düşünüyorsun. başka bir ortamda tanışsan hayatta kondurmazsın. bu da bir başarıdır.
  ","Within the scope of TRT's project, I had the chance to meet a few members.The guys came out of much more fun types.You think about how these guys have chosen this profession.If you meet in another environment, you won't be in life.This is a success.",1
"
    ismi oluşumuna en çok yakışan kurumumuz. varlığı/yokluğuna emin olunamayan, destan anlamı taşır
  ","Our institution is the most worthy of the formation of the name.It means epic, which cannot be sure of its existence/absence",0
"
    bu ülkenin potansiyeli kullanıldığında neler yapabileceğine dair en iyi örneklerden olduğuna inandığım kurum,yalnız bu gücü kamuoyu lehine mi kullanılıyor ondan emin değilim..<br/><br/>yine de dünyanın en güçlü bir kaç istihbarat örgütünden biri bence,umarım yanılmıyorumdur..&#13;
  ","The institution I believe is one of the best examples of what can be done when the potential of this country is used, I am not sure whether this power is used in favor of the public.&#13;",1
"
`aaron swartz`'ın katili olan üniversitedir.&#13;
  ",`Aaron is the murderer of Swartz.,1
"
    15 yıl önce ankara'daki nakşi masonlar semtinde bulunan cia mahallesindeki adreslerinden yine aynı mahalledeki mi6 mahallesi ilim yayma bulvarı nusra sokağa taşınmış vakıf üniversitesi.
  ",15 years ago in the neighborhood of Cia in the neighborhood of the Nakşi Masonlar district in the same neighborhood in the same neighborhood Mi6 Neighborhood Scientific Bulvari Nusra Street moved to the Foundation University.,1
"
    ""mit'in mensubu eski olmaz."" bir tabir :)
  ","""MIT's members will not be old.""A term :)",1
"
    güzel okul möööö
  ",Beautiful School Möööö,1
"
    mossad'ın türkiye şubesidir.
  ",It is the Turkish branch of MOSSAD.,1
"
    sertifika programlarindan birine onca isin gucun arasinda nasilsa online, kolay olur, ogrendigim de yanima kar kalir diye yazildigim, odevleri yuzunden gece uclere calistiran universite.<br/><br/>(bkz: `mit sloan`)&#13;
  ","One of the certificate programs, how it is online between all the powers, it would be easy, I have been written as I have been written to my side, the university that works from the face to the ends of the night.",1
"
    varoluşun bitimsiz enerjisini insanın kültürel anlamda her bir yaratımına akıtan gizemli yarık.
  ",The mysterious slit of the mysterious slit that flows the endless energy of existence to every cultural creation of man.,0
"
    “doğal destanlar ve mitoloji anlatıları için yapılan tanımlarda, üniversite yıllarından aklıma kazınmış şöyle bir madde var:
‘pozitif bilim çağından önce oluşmuş olması gerekir.’

yani kabaca diyor ki; mitolojik anlatılar binlerce yıl önce, insanların hala bunlara inandığı dönemlerde oluşmuştur, o yüzden de bir toplumun mitolojisinin oluşabilmesi için kadim dönemlere dayanan bir geçmişi olması gerekir. en klişe ifadeyle abd, uzak geçmişi olan bir topluluk olmadığı için mitoloisi de yoktur ama kızılderililerin mitolojisi vardır, gibi…

türk mitolojisine baktığımız zaman da bu büyülü anlatıların henüz doğayla iç içe yaşadıkları ve bilimin olmadığı dönemlerde, şamanizm, tengricilik ve animizm çerçevesinde, yaşadıkları her şeyi anlamlandırma çabalarının sonucu olarak ortaya çıktığını görüyoruz ki fuzuli bayat, mit ilkel insanın şuurundaki izahatlardır, der.”

(bkz: `türk mitolojisinde yıldırım/@ay hatun`)

""mit kutsal bir öyküyü anlatır; en eski zamanda, ‘başlangıçtaki’ masallara özgü zamanda olup bitmiş bir olayı anlatır. bir başka deyişle mit, doğaüstü varlıkların başarıları sayesinde, ister eksiksiz olarak bütün gerçeklik, yani kozmos olsun, isterse onun yalnızca bir parçası (sözgelimi bir ada, bir bitki türü, bir insan davranışı, bir kurum) olsun, bir gerçekliğin nasıl yaşama geçtiğini dile getirir. demek ki mit, her zaman bir ‘yaratılış’ın öyküsüdür: bir şeyin nasıl yaratıldığını, nasıl var olmaya başladığını anlatır."" <sup class=""ab"">[/?q=mircea+eliade *]</sup>
","“In the definitions made for natural epics and mythology narratives, I have a substance that has been engraved in my university years:
‘It must have been formed before the positive science age.’

So roughly says;Mythological narratives have been formed thousands of years ago when people still believe in them, so there must be a history of ancient times in order to form mythology of a society.In the most cliché, the United States has no mytholois because it is not a community with a distant history, but it has mythology of Indians.

When we look at Turkish mythology, we see that these magical narratives emerged as a result of their efforts to make sense of everything they experience within the framework of shamanism, tengicism and memory, in the absence of science with nature and there is no science.

(see: `` Lightning in Turkish mythology/@ay chick`))

""Myth tells a sacred story;",0
"
    insanlık yüzyıllardır gerçek bilgiyi ararken, bu gerçeği bulanların onu bulamayanlara sembolik bir anlatımla aktararak oluşturduğu hikayelerdir...
  ",Humanity is the stories created by those who find this fact by conveying this fact to those who cannot find it in a symbolic expression while looking for true information for centuries ...,0
"
    kız: hangi mitte yaşıyorsun?<br/><br/>ben: hakan fidan 15 temmuz gecesi neredeydi?&#13;
  ",Girl: Which myth do you live in?,0
"
    probability dersi cok iyiydi, keske amerikada dogsaydim
  ","Probability lesson was very good, I wish I was born in America",1
